Time,I_Atlas200DK-B,I_Pi-A
2023/3/2 00:00,0,0
2023/3/2 00:00,0,0
2023/3/2 00:00,0,0
2023/3/2 00:00,0,0
2023/3/2 00:00,0,0
2023/3/2 00:00,0,0
2023/3/2 00:00,0,0
2023/3/2 00:00,0,0
2023/3/2 00:00,0,0
2023/3/2 00:00,0,0
2023/3/2 00:00,0,0
2023/3/2 00:00,0,0
2023/3/2 00:00,0,0
2023/3/2 00:00,0,0
2023/3/2 00:00,0,0
2023/3/2 00:00,0,0
2023/3/2 00:00,0,0
2023/3/2 00:00,0,0
2023/3/2 00:00,0,0
2023/3/2 00:00,0,0
2023/3/2 00:00,0,0
2023/3/2 00:00,0,0
2023/3/2 00:00,0,0
2023/3/2 00:00,0,0
2023/3/2 00:00,0,0
2023/3/2 00:00,0,0
2023/3/2 00:00,0,0
2023/3/2 00:00,0,0
2023/3/2 00:00,0,0
2023/3/2 00:00,0,0
2023/3/2 00:01,0,0
2023/3/2 00:01,0,0
2023/3/2 00:01,0,0
2023/3/2 00:01,0,0
2023/3/2 00:01,0,0
2023/3/2 00:01,0,0
2023/3/2 00:01,0,0
2023/3/2 00:01,0,0
2023/3/2 00:01,0,0
2023/3/2 00:01,0,0
2023/3/2 00:01,0,0
2023/3/2 00:01,0,0
2023/3/2 00:01,0,0
2023/3/2 00:01,0,0
2023/3/2 00:01,0,0
2023/3/2 00:01,0,0
2023/3/2 00:01,0,0
2023/3/2 00:01,0,0
2023/3/2 00:01,0,0
2023/3/2 00:01,0,0
2023/3/2 00:01,0,0
2023/3/2 00:01,0,0
2023/3/2 00:01,0,0
2023/3/2 00:01,0,0
2023/3/2 00:01,0,0
2023/3/2 00:01,0,0
2023/3/2 00:01,0,0
2023/3/2 00:01,0,0
2023/3/2 00:01,0,0
2023/3/2 00:01,0,0
2023/3/2 00:02,0,0
2023/3/2 00:02,0,0
2023/3/2 00:02,0,0
2023/3/2 00:02,0,0
2023/3/2 00:02,0,0
2023/3/2 00:02,0,0
2023/3/2 00:02,0,0
2023/3/2 00:02,0,0
2023/3/2 00:02,0,0
2023/3/2 00:02,0,0
2023/3/2 00:02,0,0
2023/3/2 00:02,0,0
2023/3/2 00:02,0,0
2023/3/2 00:02,0,0
2023/3/2 00:02,0,0
2023/3/2 00:02,0,0
2023/3/2 00:02,0,0
2023/3/2 00:02,0,0
2023/3/2 00:02,0,0
2023/3/2 00:02,0,0
2023/3/2 00:02,0,0
2023/3/2 00:02,0,0
2023/3/2 00:02,0,0
2023/3/2 00:02,0,0
2023/3/2 00:02,0,0
2023/3/2 00:02,0,0
2023/3/2 00:02,0,0
2023/3/2 00:02,0,0
2023/3/2 00:02,0,0
2023/3/2 00:02,0,0
2023/3/2 00:03,0,0
2023/3/2 00:03,0,0
2023/3/2 00:03,0,0
2023/3/2 00:03,0,0
2023/3/2 00:03,0,0
2023/3/2 00:03,0,0
2023/3/2 00:03,0,0
2023/3/2 00:03,0,0
2023/3/2 00:03,0,0
2023/3/2 00:03,0,0
2023/3/2 00:03,0,0
2023/3/2 00:03,0,0
2023/3/2 00:03,0,0
2023/3/2 00:03,0,0
2023/3/2 00:03,0,0
2023/3/2 00:03,0,0
2023/3/2 00:03,0,0
2023/3/2 00:03,0,0
2023/3/2 00:03,0,0
2023/3/2 00:03,0,0
2023/3/2 00:03,0,0
2023/3/2 00:03,0,0
2023/3/2 00:03,0,0
2023/3/2 00:03,0,0
2023/3/2 00:03,0,0
2023/3/2 00:03,0,0
2023/3/2 00:03,0,0
2023/3/2 00:03,0,0
2023/3/2 00:03,0,0
2023/3/2 00:03,0,0
2023/3/2 00:04,0,0
2023/3/2 00:04,0,0
2023/3/2 00:04,0,0
2023/3/2 00:04,0,0
2023/3/2 00:04,0,0
2023/3/2 00:04,0,0
2023/3/2 00:04,0,0
2023/3/2 00:04,0,0
2023/3/2 00:04,0,0
2023/3/2 00:04,0,0
2023/3/2 00:04,0,0
2023/3/2 00:04,0,0
2023/3/2 00:04,0,0
2023/3/2 00:04,0,0
2023/3/2 00:04,0,0
2023/3/2 00:04,0,0
2023/3/2 00:04,0,0
2023/3/2 00:04,0,0
2023/3/2 00:04,0,0
2023/3/2 00:04,0,0
2023/3/2 00:04,0,0
2023/3/2 00:04,0,0
2023/3/2 00:04,0,0
2023/3/2 00:04,0,0
2023/3/2 00:04,0,0
2023/3/2 00:04,0,0
2023/3/2 00:04,0,0
2023/3/2 00:04,0,0
2023/3/2 00:04,0,0
2023/3/2 00:04,0,0
2023/3/2 00:05,0,0
2023/3/2 00:05,0,0
2023/3/2 00:05,0,0
2023/3/2 00:05,0,0
2023/3/2 00:05,0,0
2023/3/2 00:05,0,0
2023/3/2 00:05,0,0
2023/3/2 00:05,0,0
2023/3/2 00:05,0,0
2023/3/2 00:05,0,0
2023/3/2 00:05,0,0
2023/3/2 00:05,0,0
2023/3/2 00:05,0,0
2023/3/2 00:05,0,0
2023/3/2 00:05,0,0
2023/3/2 00:05,0,0
2023/3/2 00:05,0,0
2023/3/2 00:05,0,0
2023/3/2 00:05,0,0
2023/3/2 00:05,0,0
2023/3/2 00:05,0,0
2023/3/2 00:05,0,0
2023/3/2 00:05,0,0
2023/3/2 00:05,0,0
2023/3/2 00:05,0,0
2023/3/2 00:05,0,0
2023/3/2 00:05,0,0
2023/3/2 00:05,0,0
2023/3/2 00:05,0,0
2023/3/2 00:05,0,0
2023/3/2 00:06,0,0
2023/3/2 00:06,0,0
2023/3/2 00:06,0,0
2023/3/2 00:06,0,0
2023/3/2 00:06,0,0
2023/3/2 00:06,0,0
2023/3/2 00:06,0,0
2023/3/2 00:06,0,0
2023/3/2 00:06,0,0
2023/3/2 00:06,0,0
2023/3/2 00:06,0,0
2023/3/2 00:06,0,0
2023/3/2 00:06,0,0
2023/3/2 00:06,0,0
2023/3/2 00:06,0,0
2023/3/2 00:06,0,0
2023/3/2 00:06,0,0
2023/3/2 00:06,0,0
2023/3/2 00:06,0,0
2023/3/2 00:06,0,0
2023/3/2 00:06,0,0
2023/3/2 00:06,0,0
2023/3/2 00:06,0,0
2023/3/2 00:06,0,0
2023/3/2 00:06,0,0
2023/3/2 00:06,0,0
2023/3/2 00:06,0,0
2023/3/2 00:06,0,0
2023/3/2 00:06,0,0
2023/3/2 00:06,0,0
2023/3/2 00:07,0,0
2023/3/2 00:07,0,0
2023/3/2 00:07,0,0
2023/3/2 00:07,0,0
2023/3/2 00:07,0,0
2023/3/2 00:07,0,0
2023/3/2 00:07,0,0
2023/3/2 00:07,0,0
2023/3/2 00:07,0,0
2023/3/2 00:07,0,0
2023/3/2 00:07,0,0
2023/3/2 00:07,0,0
2023/3/2 00:07,0,0
2023/3/2 00:07,0,0
2023/3/2 00:07,0,0
2023/3/2 00:07,0,0
2023/3/2 00:07,0,0
2023/3/2 00:07,0,0
2023/3/2 00:07,0,0
2023/3/2 00:07,0,0
2023/3/2 00:07,0,0
2023/3/2 00:07,0,0
2023/3/2 00:07,0,0
2023/3/2 00:07,0,0
2023/3/2 00:07,0,0
2023/3/2 00:07,0,0
2023/3/2 00:07,0,0
2023/3/2 00:07,0,0
2023/3/2 00:07,0,0
2023/3/2 00:07,0,0
2023/3/2 00:08,0,0
2023/3/2 00:08,0,0
2023/3/2 00:08,0,0
2023/3/2 00:08,0,0
2023/3/2 00:08,0,0
2023/3/2 00:08,0,0
2023/3/2 00:08,0,0
2023/3/2 00:08,0,0
2023/3/2 00:08,0,0
2023/3/2 00:08,0,0
2023/3/2 00:08,0,0
2023/3/2 00:08,0,0
2023/3/2 00:08,0,0
2023/3/2 00:08,0,0
2023/3/2 00:08,0,0
2023/3/2 00:08,0,0
2023/3/2 00:08,0,0
2023/3/2 00:08,0,0
2023/3/2 00:08,0,0
2023/3/2 00:08,0,0
2023/3/2 00:08,0,0
2023/3/2 00:08,0,0
2023/3/2 00:08,0,0
2023/3/2 00:08,0,0
2023/3/2 00:08,0,0
2023/3/2 00:08,0,0
2023/3/2 00:08,0,0
2023/3/2 00:08,0,0
2023/3/2 00:08,0,0
2023/3/2 00:08,0,0
2023/3/2 00:09,0,0
2023/3/2 00:09,0,0
2023/3/2 00:09,0,0
2023/3/2 00:09,0,0
2023/3/2 00:09,0,0
2023/3/2 00:09,0,0
2023/3/2 00:09,0,0
2023/3/2 00:09,0,0
2023/3/2 00:09,0,0
2023/3/2 00:09,0,0
2023/3/2 00:09,0,0
2023/3/2 00:09,0,0
2023/3/2 00:09,0,0
2023/3/2 00:09,0,0
2023/3/2 00:09,0,0
2023/3/2 00:09,0,0
2023/3/2 00:09,0,0
2023/3/2 00:09,0,0
2023/3/2 00:09,0,0
2023/3/2 00:09,0,0
2023/3/2 00:09,0,0
2023/3/2 00:09,0,0
2023/3/2 00:09,0,0
2023/3/2 00:09,0,0
2023/3/2 00:09,0,0
2023/3/2 00:09,0,0
2023/3/2 00:09,0,0
2023/3/2 00:09,0,0
2023/3/2 00:09,0,0
2023/3/2 00:09,0,0
2023/3/2 00:10,0,0
2023/3/2 00:10,0,0
2023/3/2 00:10,0,0
2023/3/2 00:10,0,0
2023/3/2 00:10,0,0
2023/3/2 00:10,0,0
2023/3/2 00:10,0,0
2023/3/2 00:10,0,0
2023/3/2 00:10,0,0
2023/3/2 00:10,0,0
2023/3/2 00:10,0,0
2023/3/2 00:10,0,0
2023/3/2 00:10,0,0
2023/3/2 00:10,0,0
2023/3/2 00:10,0,0
2023/3/2 00:10,0,0
2023/3/2 00:10,0,0
2023/3/2 00:10,0,0
2023/3/2 00:10,0,0
2023/3/2 00:10,0,0
2023/3/2 00:10,0,0
2023/3/2 00:10,0,0
2023/3/2 00:10,0,0
2023/3/2 00:10,0,0
2023/3/2 00:10,0,0
2023/3/2 00:10,0,0
2023/3/2 00:10,0,0
2023/3/2 00:10,0,0
2023/3/2 00:10,0,0
2023/3/2 00:10,0,0
2023/3/2 00:11,0,0
2023/3/2 00:11,0,0
2023/3/2 00:11,0,0
2023/3/2 00:11,0,0
2023/3/2 00:11,0,0
2023/3/2 00:11,0,0
2023/3/2 00:11,0,0
2023/3/2 00:11,0,0
2023/3/2 00:11,0,0
2023/3/2 00:11,0,0
2023/3/2 00:11,0,0
2023/3/2 00:11,0,0
2023/3/2 00:11,0,0
2023/3/2 00:11,0,0
2023/3/2 00:11,0,0
2023/3/2 00:11,0,0
2023/3/2 00:11,0,0
2023/3/2 00:11,0,0
2023/3/2 00:11,0,0
2023/3/2 00:11,0,0
2023/3/2 00:11,0,0
2023/3/2 00:11,0,0
2023/3/2 00:11,0,0
2023/3/2 00:11,0,0
2023/3/2 00:11,0,0
2023/3/2 00:11,0,0
2023/3/2 00:11,0,0
2023/3/2 00:11,0,0
2023/3/2 00:11,0,0
2023/3/2 00:11,0,0
2023/3/2 00:12,0,0
2023/3/2 00:12,0,0
2023/3/2 00:12,0,0
2023/3/2 00:12,0,0
2023/3/2 00:12,0,0
2023/3/2 00:12,0,0
2023/3/2 00:12,0,0
2023/3/2 00:12,0,0
2023/3/2 00:12,0,0
2023/3/2 00:12,0,0
2023/3/2 00:12,0,0
2023/3/2 00:12,0,0
2023/3/2 00:12,0,0
2023/3/2 00:12,0,0
2023/3/2 00:12,0,0
2023/3/2 00:12,0,0
2023/3/2 00:12,0,0
2023/3/2 00:12,0,0
2023/3/2 00:12,0,0
2023/3/2 00:12,0,0
2023/3/2 00:12,0,0
2023/3/2 00:12,0,0
2023/3/2 00:12,0,0
2023/3/2 00:12,0,0
2023/3/2 00:12,0,0
2023/3/2 00:12,0,0
2023/3/2 00:12,0,0
2023/3/2 00:12,0,0
2023/3/2 00:12,0,0
2023/3/2 00:12,0,0
2023/3/2 00:13,0,0
2023/3/2 00:13,0,0
2023/3/2 00:13,0,0
2023/3/2 00:13,0,0
2023/3/2 00:13,0,0
2023/3/2 00:13,0,0
2023/3/2 00:13,0,0
2023/3/2 00:13,0,0
2023/3/2 00:13,0,0
2023/3/2 00:13,0,0
2023/3/2 00:13,0,0
2023/3/2 00:13,0,0
2023/3/2 00:13,0,0
2023/3/2 00:13,0,0
2023/3/2 00:13,0,0
2023/3/2 00:13,0,0
2023/3/2 00:13,0,0
2023/3/2 00:13,0,0
2023/3/2 00:13,0,0
2023/3/2 00:13,0,0
2023/3/2 00:13,0,0
2023/3/2 00:13,0,0
2023/3/2 00:13,0,0
2023/3/2 00:13,0,0
2023/3/2 00:13,0,0
2023/3/2 00:13,0,0
2023/3/2 00:13,0,0
2023/3/2 00:13,0,0
2023/3/2 00:13,0,0
2023/3/2 00:13,0,0
2023/3/2 00:14,0,0
2023/3/2 00:14,0,0
2023/3/2 00:14,0,0
2023/3/2 00:14,0,0
2023/3/2 00:14,0,0
2023/3/2 00:14,0,0
2023/3/2 00:14,0,0
2023/3/2 00:14,0,0
2023/3/2 00:14,0,0
2023/3/2 00:14,0,0
2023/3/2 00:14,0,0
2023/3/2 00:14,0,0
2023/3/2 00:14,0,0
2023/3/2 00:14,0,0
2023/3/2 00:14,0,0
2023/3/2 00:14,0,0
2023/3/2 00:14,0,0
2023/3/2 00:14,0,0
2023/3/2 00:14,0,0
2023/3/2 00:14,0,0
2023/3/2 00:14,0,0
2023/3/2 00:14,0,0
2023/3/2 00:14,0,0
2023/3/2 00:14,0,0
2023/3/2 00:14,0,0
2023/3/2 00:14,0,0
2023/3/2 00:14,0,0
2023/3/2 00:14,0,0
2023/3/2 00:14,0,0
2023/3/2 00:14,0,0
2023/3/2 00:15,0,0
2023/3/2 00:15,0,0
2023/3/2 00:15,0,0
2023/3/2 00:15,0,0
2023/3/2 00:15,0,0
2023/3/2 00:15,0,0
2023/3/2 00:15,0,0
2023/3/2 00:15,0,0
2023/3/2 00:15,0,0
2023/3/2 00:15,0,0
2023/3/2 00:15,0,0
2023/3/2 00:15,0,0
2023/3/2 00:15,0,0
2023/3/2 00:15,0,0
2023/3/2 00:15,0,0
2023/3/2 00:15,0,0
2023/3/2 00:15,0,0
2023/3/2 00:15,0,0
2023/3/2 00:15,0,0
2023/3/2 00:15,0,0
2023/3/2 00:15,0,0
2023/3/2 00:15,0,0
2023/3/2 00:15,0,0
2023/3/2 00:15,0,0
2023/3/2 00:15,0,0
2023/3/2 00:15,0,0
2023/3/2 00:15,0,0
2023/3/2 00:15,0,0
2023/3/2 00:15,0,0
2023/3/2 00:15,0,0
2023/3/2 00:16,0,0
2023/3/2 00:16,0,0
2023/3/2 00:16,0,0
2023/3/2 00:16,0,0
2023/3/2 00:16,0,0
2023/3/2 00:16,0,0
2023/3/2 00:16,0,0
2023/3/2 00:16,0,0
2023/3/2 00:16,0,0
2023/3/2 00:16,0,0
2023/3/2 00:16,0,0
2023/3/2 00:16,0,0
2023/3/2 00:16,0,0
2023/3/2 00:16,0,0
2023/3/2 00:16,0,0
2023/3/2 00:16,0,0
2023/3/2 00:16,0,0
2023/3/2 00:16,0,0
2023/3/2 00:16,0,0
2023/3/2 00:16,0,0
2023/3/2 00:16,0,0
2023/3/2 00:16,0,0
2023/3/2 00:16,0,0
2023/3/2 00:16,0,0
2023/3/2 00:16,0,0
2023/3/2 00:16,0,0
2023/3/2 00:16,0,0
2023/3/2 00:16,0,0
2023/3/2 00:16,0,0
2023/3/2 00:16,0,0
2023/3/2 00:17,0,0
2023/3/2 00:17,0,0
2023/3/2 00:17,0,0
2023/3/2 00:17,0,0
2023/3/2 00:17,0,0
2023/3/2 00:17,0,0
2023/3/2 00:17,0,0
2023/3/2 00:17,0,0
2023/3/2 00:17,0,0
2023/3/2 00:17,0,0
2023/3/2 00:17,0,0
2023/3/2 00:17,0,0
2023/3/2 00:17,0,0
2023/3/2 00:17,0,0
2023/3/2 00:17,0,0
2023/3/2 00:17,0,0
2023/3/2 00:17,0,0
2023/3/2 00:17,0,0
2023/3/2 00:17,0,0
2023/3/2 00:17,0,0
2023/3/2 00:17,0,0
2023/3/2 00:17,0,0
2023/3/2 00:17,0,0
2023/3/2 00:17,0,0
2023/3/2 00:17,0,0
2023/3/2 00:17,0,0
2023/3/2 00:17,0,0
2023/3/2 00:17,0,0
2023/3/2 00:17,0,0
2023/3/2 00:17,0,0
2023/3/2 00:18,0,0
2023/3/2 00:18,0,0
2023/3/2 00:18,0,0
2023/3/2 00:18,0,0
2023/3/2 00:18,0,0
2023/3/2 00:18,0,0
2023/3/2 00:18,0,0
2023/3/2 00:18,0,0
2023/3/2 00:18,0,0
2023/3/2 00:18,0,0
2023/3/2 00:18,0,0
2023/3/2 00:18,0,0
2023/3/2 00:18,0,0
2023/3/2 00:18,0,0
2023/3/2 00:18,0,0
2023/3/2 00:18,0,0
2023/3/2 00:18,0,0
2023/3/2 00:18,0,0
2023/3/2 00:18,0,0
2023/3/2 00:18,0,0
2023/3/2 00:18,0,0
2023/3/2 00:18,0,0
2023/3/2 00:18,0,0
2023/3/2 00:18,0,0
2023/3/2 00:18,0,0
2023/3/2 00:18,0,0
2023/3/2 00:18,0,0
2023/3/2 00:18,0,0
2023/3/2 00:18,0,0
2023/3/2 00:18,0,0
2023/3/2 00:19,0,0
2023/3/2 00:19,0,0
2023/3/2 00:19,0,0
2023/3/2 00:19,0,0
2023/3/2 00:19,0,0
2023/3/2 00:19,0,0
2023/3/2 00:19,0,0
2023/3/2 00:19,0,0
2023/3/2 00:19,0,0
2023/3/2 00:19,0,0
2023/3/2 00:19,0,0
2023/3/2 00:19,0,0
2023/3/2 00:19,0,0
2023/3/2 00:19,0,0
2023/3/2 00:19,0,0
2023/3/2 00:19,0,0
2023/3/2 00:19,0,0
2023/3/2 00:19,0,0
2023/3/2 00:19,0,0
2023/3/2 00:19,0,0
2023/3/2 00:19,0,0
2023/3/2 00:19,0,0
2023/3/2 00:19,0,0
2023/3/2 00:19,0,0
2023/3/2 00:19,0,0
2023/3/2 00:19,0,0
2023/3/2 00:19,0,0
2023/3/2 00:19,0,0
2023/3/2 00:19,0,0
2023/3/2 00:19,0,0
2023/3/2 00:20,0,0
2023/3/2 00:20,0,0
2023/3/2 00:20,0,0
2023/3/2 00:20,0,0
2023/3/2 00:20,0,0
2023/3/2 00:20,0,0
2023/3/2 00:20,0,0
2023/3/2 00:20,0,0
2023/3/2 00:20,0,0
2023/3/2 00:20,0,0
2023/3/2 00:20,0,0
2023/3/2 00:20,0,0
2023/3/2 00:20,0,0
2023/3/2 00:20,0,0
2023/3/2 00:20,0,0
2023/3/2 00:20,0,0
2023/3/2 00:20,0,0
2023/3/2 00:20,0,0
2023/3/2 00:20,0,0
2023/3/2 00:20,0,0
2023/3/2 00:20,0,0
2023/3/2 00:20,0,0
2023/3/2 00:20,0,0
2023/3/2 00:20,0,0
2023/3/2 00:20,0,0
2023/3/2 00:20,0,0
2023/3/2 00:20,0,0
2023/3/2 00:20,0,0
2023/3/2 00:20,0,0
2023/3/2 00:20,0,0
2023/3/2 00:21,0,0
2023/3/2 00:21,0,0
2023/3/2 00:21,0,0
2023/3/2 00:21,0,0
2023/3/2 00:21,0,0
2023/3/2 00:21,0,0
2023/3/2 00:21,0,0
2023/3/2 00:21,0,0
2023/3/2 00:21,0,0
2023/3/2 00:21,0,0
2023/3/2 00:21,0,0
2023/3/2 00:21,0,0
2023/3/2 00:21,0,0
2023/3/2 00:21,0,0
2023/3/2 00:21,0,0
2023/3/2 00:21,0,0
2023/3/2 00:21,0,0
2023/3/2 00:21,0,0
2023/3/2 00:21,0,0
2023/3/2 00:21,0,0
2023/3/2 00:21,0,0
2023/3/2 00:21,0,0
2023/3/2 00:21,0,0
2023/3/2 00:21,0,0
2023/3/2 00:21,0,0
2023/3/2 00:21,0,0
2023/3/2 00:21,0,0
2023/3/2 00:21,0,0
2023/3/2 00:21,0,0
2023/3/2 00:21,0,0
2023/3/2 00:22,0,0
2023/3/2 00:22,0,0
2023/3/2 00:22,0,0
2023/3/2 00:22,0,0
2023/3/2 00:22,0,0
2023/3/2 00:22,0,0
2023/3/2 00:22,0,0
2023/3/2 00:22,0,0
2023/3/2 00:22,0,0
2023/3/2 00:22,0,0
2023/3/2 00:22,0,0
2023/3/2 00:22,0,0
2023/3/2 00:22,0,0
2023/3/2 00:22,0,0
2023/3/2 00:22,0,0
2023/3/2 00:22,0,0
2023/3/2 00:22,0,0
2023/3/2 00:22,0,0
2023/3/2 00:22,0,0
2023/3/2 00:22,0,0
2023/3/2 00:22,0,0
2023/3/2 00:22,0,0
2023/3/2 00:22,0,0
2023/3/2 00:22,0,0
2023/3/2 00:22,0,0
2023/3/2 00:22,0,0
2023/3/2 00:22,0,0
2023/3/2 00:22,0,0
2023/3/2 00:22,0,0
2023/3/2 00:22,0,0
2023/3/2 00:23,0,0
2023/3/2 00:23,0,0
2023/3/2 00:23,0,0
2023/3/2 00:23,0,0
2023/3/2 00:23,0,0
2023/3/2 00:23,0,0
2023/3/2 00:23,0,0
2023/3/2 00:23,0,0
2023/3/2 00:23,0,0
2023/3/2 00:23,0,0
2023/3/2 00:23,0,0
2023/3/2 00:23,0,0
2023/3/2 00:23,0,0
2023/3/2 00:23,0,0
2023/3/2 00:23,0,0
2023/3/2 00:23,0,0
2023/3/2 00:23,0,0
2023/3/2 00:23,0,0
2023/3/2 00:23,0,0
2023/3/2 00:23,0,0
2023/3/2 00:23,0,0
2023/3/2 00:23,0,0
2023/3/2 00:23,0,0
2023/3/2 00:23,0,0
2023/3/2 00:23,0,0
2023/3/2 00:23,0,0
2023/3/2 00:23,0,0
2023/3/2 00:23,0,0
2023/3/2 00:23,0,0
2023/3/2 00:23,0,0
2023/3/2 00:24,0,0
2023/3/2 00:24,0,0
2023/3/2 00:24,0,0
2023/3/2 00:24,0,0
2023/3/2 00:24,0,0
2023/3/2 00:24,0,0
2023/3/2 00:24,0,0
2023/3/2 00:24,0,0
2023/3/2 00:24,0,0
2023/3/2 00:24,0,0
2023/3/2 00:24,0,0
2023/3/2 00:24,0,0
2023/3/2 00:24,0,0
2023/3/2 00:24,0,0
2023/3/2 00:24,0,0
2023/3/2 00:24,0,0
2023/3/2 00:24,0,0
2023/3/2 00:24,0,0
2023/3/2 00:24,0,0
2023/3/2 00:24,0,0
2023/3/2 00:24,0,0
2023/3/2 00:24,0,0
2023/3/2 00:24,0,0
2023/3/2 00:24,0,0
2023/3/2 00:24,0,0
2023/3/2 00:24,0,0
2023/3/2 00:24,0,0
2023/3/2 00:24,0,0
2023/3/2 00:24,0,0
2023/3/2 00:24,0,0
2023/3/2 00:25,0,0
2023/3/2 00:25,0,0
2023/3/2 00:25,0,0
2023/3/2 00:25,0,0
2023/3/2 00:25,0,0
2023/3/2 00:25,0,0
2023/3/2 00:25,0,0
2023/3/2 00:25,0,0
2023/3/2 00:25,0,0
2023/3/2 00:25,0,0
2023/3/2 00:25,0,0
2023/3/2 00:25,0,0
2023/3/2 00:25,0,0
2023/3/2 00:25,0,0
2023/3/2 00:25,0,0
2023/3/2 00:25,0,0
2023/3/2 00:25,0,0
2023/3/2 00:25,0,0
2023/3/2 00:25,0,0
2023/3/2 00:25,0,0
2023/3/2 00:25,0,0
2023/3/2 00:25,0,0
2023/3/2 00:25,0,0
2023/3/2 00:25,0,0
2023/3/2 00:25,0,0
2023/3/2 00:25,0,0
2023/3/2 00:25,0,0
2023/3/2 00:25,0,0
2023/3/2 00:25,0,0
2023/3/2 00:25,0,0
2023/3/2 00:26,0,0
2023/3/2 00:26,0,0
2023/3/2 00:26,0,0
2023/3/2 00:26,0,0
2023/3/2 00:26,0,0
2023/3/2 00:26,0,0
2023/3/2 00:26,0,0
2023/3/2 00:26,0,0
2023/3/2 00:26,0,0
2023/3/2 00:26,0,0
2023/3/2 00:26,0,0
2023/3/2 00:26,0,0
2023/3/2 00:26,0,0
2023/3/2 00:26,0,0
2023/3/2 00:26,0,0
2023/3/2 00:26,0,0
2023/3/2 00:26,0,0
2023/3/2 00:26,0,0
2023/3/2 00:26,0,0
2023/3/2 00:26,0,0
2023/3/2 00:26,0,0
2023/3/2 00:26,0,0
2023/3/2 00:26,0,0
2023/3/2 00:26,0,0
2023/3/2 00:26,0,0
2023/3/2 00:26,0,0
2023/3/2 00:26,0,0
2023/3/2 00:26,0,0
2023/3/2 00:26,0,0
2023/3/2 00:26,0,0
2023/3/2 00:27,0,0
2023/3/2 00:27,0,0
2023/3/2 00:27,0,0
2023/3/2 00:27,0,0
2023/3/2 00:27,0,0
2023/3/2 00:27,0,0
2023/3/2 00:27,0,0
2023/3/2 00:27,0,0
2023/3/2 00:27,0,0
2023/3/2 00:27,0,0
2023/3/2 00:27,0,0
2023/3/2 00:27,0,0
2023/3/2 00:27,0,0
2023/3/2 00:27,0,0
2023/3/2 00:27,0,0
2023/3/2 00:27,0,0
2023/3/2 00:27,0,0
2023/3/2 00:27,0,0
2023/3/2 00:27,0,0
2023/3/2 00:27,0,0
2023/3/2 00:27,0,0
2023/3/2 00:27,0,0
2023/3/2 00:27,0,0
2023/3/2 00:27,0,0
2023/3/2 00:27,0,0
2023/3/2 00:27,0,0
2023/3/2 00:27,0,0
2023/3/2 00:27,0,0
2023/3/2 00:27,0,0
2023/3/2 00:27,0,0
2023/3/2 00:28,0,0
2023/3/2 00:28,0,0
2023/3/2 00:28,0,0
2023/3/2 00:28,0,0
2023/3/2 00:28,0,0
2023/3/2 00:28,0,0
2023/3/2 00:28,0,0
2023/3/2 00:28,0,0
2023/3/2 00:28,0,0
2023/3/2 00:28,0,0
2023/3/2 00:28,0,0
2023/3/2 00:28,0,0
2023/3/2 00:28,0,0
2023/3/2 00:28,0,0
2023/3/2 00:28,0,0
2023/3/2 00:28,0,0
2023/3/2 00:28,0,0
2023/3/2 00:28,0,0
2023/3/2 00:28,0,0
2023/3/2 00:28,0,0
2023/3/2 00:28,0,0
2023/3/2 00:28,0,0
2023/3/2 00:28,0,0
2023/3/2 00:28,0,0
2023/3/2 00:28,0,0
2023/3/2 00:28,0,0
2023/3/2 00:28,0,0
2023/3/2 00:28,0,0
2023/3/2 00:28,0,0
2023/3/2 00:28,0,0
2023/3/2 00:29,0,0
2023/3/2 00:29,0,0
2023/3/2 00:29,0,0
2023/3/2 00:29,0,0
2023/3/2 00:29,0,0
2023/3/2 00:29,0,0
2023/3/2 00:29,0,0
2023/3/2 00:29,0,0
2023/3/2 00:29,0,0
2023/3/2 00:29,0,0
2023/3/2 00:29,0,0
2023/3/2 00:29,0,0
2023/3/2 00:29,0,0
2023/3/2 00:29,0,0
2023/3/2 00:29,0,0
2023/3/2 00:29,0,0
2023/3/2 00:29,0,0
2023/3/2 00:29,0,0
2023/3/2 00:29,0,0
2023/3/2 00:29,0,0
2023/3/2 00:29,0,0
2023/3/2 00:29,0,0
2023/3/2 00:29,0,0
2023/3/2 00:29,0,0
2023/3/2 00:29,0,0
2023/3/2 00:29,0,0
2023/3/2 00:29,0,0
2023/3/2 00:29,0,0
2023/3/2 00:29,0,0
2023/3/2 00:29,0,0
2023/3/2 00:30,0,0
2023/3/2 00:30,0,0
2023/3/2 00:30,0,0
2023/3/2 00:30,0,0
2023/3/2 00:30,0,0
2023/3/2 00:30,0,0
2023/3/2 00:30,0,0
2023/3/2 00:30,0,0
2023/3/2 00:30,0,0
2023/3/2 00:30,0,0
2023/3/2 00:30,0,0
2023/3/2 00:30,0,0
2023/3/2 00:30,0,0
2023/3/2 00:30,0,0
2023/3/2 00:30,0,0
2023/3/2 00:30,0,0
2023/3/2 00:30,0,0
2023/3/2 00:30,0,0
2023/3/2 00:30,0,0
2023/3/2 00:30,0,0
2023/3/2 00:30,0,0
2023/3/2 00:30,0,0
2023/3/2 00:30,0,0
2023/3/2 00:30,0,0
2023/3/2 00:30,0,0
2023/3/2 00:30,0,0
2023/3/2 00:30,0,0
2023/3/2 00:30,0,0
2023/3/2 00:30,0,0
2023/3/2 00:30,0,0
2023/3/2 00:31,0,0
2023/3/2 00:31,0,0
2023/3/2 00:31,0,0
2023/3/2 00:31,0,0
2023/3/2 00:31,0,0
2023/3/2 00:31,0,0
2023/3/2 00:31,0,0
2023/3/2 00:31,0,0
2023/3/2 00:31,0,0
2023/3/2 00:31,0,0
2023/3/2 00:31,0,0
2023/3/2 00:31,0,0
2023/3/2 00:31,0,0
2023/3/2 00:31,0,0
2023/3/2 00:31,0,0
2023/3/2 00:31,0,0
2023/3/2 00:31,0,0
2023/3/2 00:31,0,0
2023/3/2 00:31,0,0
2023/3/2 00:31,0,0
2023/3/2 00:31,0,0
2023/3/2 00:31,0,0
2023/3/2 00:31,0,0
2023/3/2 00:31,0,0
2023/3/2 00:31,0,0
2023/3/2 00:31,0,0
2023/3/2 00:31,0,0
2023/3/2 00:31,0,0
2023/3/2 00:31,0,0
2023/3/2 00:31,0,0
2023/3/2 00:32,0,0
2023/3/2 00:32,0,0
2023/3/2 00:32,0,0
2023/3/2 00:32,0,0
2023/3/2 00:32,0,0
2023/3/2 00:32,0,0
2023/3/2 00:32,0,0
2023/3/2 00:32,0,0
2023/3/2 00:32,0,0
2023/3/2 00:32,0,0
2023/3/2 00:32,0,0
2023/3/2 00:32,0,0
2023/3/2 00:32,0,0
2023/3/2 00:32,0,0
2023/3/2 00:32,0,0
2023/3/2 00:32,0,0
2023/3/2 00:32,0,0
2023/3/2 00:32,0,0
2023/3/2 00:32,0,0
2023/3/2 00:32,0,0
2023/3/2 00:32,0,0
2023/3/2 00:32,0,0
2023/3/2 00:32,0,0
2023/3/2 00:32,0,0
2023/3/2 00:32,0,0
2023/3/2 00:32,0,0
2023/3/2 00:32,0,0
2023/3/2 00:32,0,0
2023/3/2 00:32,0,0
2023/3/2 00:32,0,0
2023/3/2 00:33,0,0
2023/3/2 00:33,0,0
2023/3/2 00:33,0,0
2023/3/2 00:33,0,0
2023/3/2 00:33,0,0
2023/3/2 00:33,0,0
2023/3/2 00:33,0,0
2023/3/2 00:33,0,0
2023/3/2 00:33,0,0
2023/3/2 00:33,0,0
2023/3/2 00:33,0,0
2023/3/2 00:33,0,0
2023/3/2 00:33,0,0
2023/3/2 00:33,0,0
2023/3/2 00:33,0,0
2023/3/2 00:33,0,0
2023/3/2 00:33,0,0
2023/3/2 00:33,0,0
2023/3/2 00:33,0,0
2023/3/2 00:33,0,0
2023/3/2 00:33,0,0
2023/3/2 00:33,0,0
2023/3/2 00:33,0,0
2023/3/2 00:33,0,0
2023/3/2 00:33,0,0
2023/3/2 00:33,0,0
2023/3/2 00:33,0,0
2023/3/2 00:33,0,0
2023/3/2 00:33,0,0
2023/3/2 00:33,0,0
2023/3/2 00:34,0,0
2023/3/2 00:34,0,0
2023/3/2 00:34,0,0
2023/3/2 00:34,0,0
2023/3/2 00:34,0,0
2023/3/2 00:34,0,0
2023/3/2 00:34,0,0
2023/3/2 00:34,0,0
2023/3/2 00:34,0,0
2023/3/2 00:34,0,0
2023/3/2 00:34,0,0
2023/3/2 00:34,0,0
2023/3/2 00:34,0,0
2023/3/2 00:34,0,0
2023/3/2 00:34,0,0
2023/3/2 00:34,0,0
2023/3/2 00:34,0,0
2023/3/2 00:34,0,0
2023/3/2 00:34,0,0
2023/3/2 00:34,0,0
2023/3/2 00:34,0,0
2023/3/2 00:34,0,0
2023/3/2 00:34,0,0
2023/3/2 00:34,0,0
2023/3/2 00:34,0,0
2023/3/2 00:34,0,0
2023/3/2 00:34,0,0
2023/3/2 00:34,0,0
2023/3/2 00:34,0,0
2023/3/2 00:34,0,0
2023/3/2 00:35,0,0
2023/3/2 00:35,0,0
2023/3/2 00:35,0,0
2023/3/2 00:35,0,0
2023/3/2 00:35,0,0
2023/3/2 00:35,0,0
2023/3/2 00:35,0,0
2023/3/2 00:35,0,0
2023/3/2 00:35,0,0
2023/3/2 00:35,0,0
2023/3/2 00:35,0,0
2023/3/2 00:35,0,0
2023/3/2 00:35,0,0
2023/3/2 00:35,0,0
2023/3/2 00:35,0,0
2023/3/2 00:35,0,0
2023/3/2 00:35,0,0
2023/3/2 00:35,0,0
2023/3/2 00:35,0,0
2023/3/2 00:35,0,0
2023/3/2 00:35,0,0
2023/3/2 00:35,0,0
2023/3/2 00:35,0,0
2023/3/2 00:35,0,0
2023/3/2 00:35,0,0
2023/3/2 00:35,0,0
2023/3/2 00:35,0,0
2023/3/2 00:35,0,0
2023/3/2 00:35,0,0
2023/3/2 00:35,0,0
2023/3/2 00:36,0,0
2023/3/2 00:36,0,0
2023/3/2 00:36,0,0
2023/3/2 00:36,0,0
2023/3/2 00:36,0,0
2023/3/2 00:36,0,0
2023/3/2 00:36,0,0
2023/3/2 00:36,0,0
2023/3/2 00:36,0,0
2023/3/2 00:36,0,0
2023/3/2 00:36,0,0
2023/3/2 00:36,0,0
2023/3/2 00:36,0,0
2023/3/2 00:36,0,0
2023/3/2 00:36,0,0
2023/3/2 00:36,0,0
2023/3/2 00:36,0,0
2023/3/2 00:36,0,0
2023/3/2 00:36,0,0
2023/3/2 00:36,0,0
2023/3/2 00:36,0,0
2023/3/2 00:36,0,0
2023/3/2 00:36,0,0
2023/3/2 00:36,0,0
2023/3/2 00:36,0,0
2023/3/2 00:36,0,0
2023/3/2 00:36,0,0
2023/3/2 00:36,0,0
2023/3/2 00:36,0,0
2023/3/2 00:36,0,0
2023/3/2 00:37,0,0
2023/3/2 00:37,0,0
2023/3/2 00:37,0,0
2023/3/2 00:37,0,0
2023/3/2 00:37,0,0
2023/3/2 00:37,0,0
2023/3/2 00:37,0,0
2023/3/2 00:37,0,0
2023/3/2 00:37,0,0
2023/3/2 00:37,0,0
2023/3/2 00:37,0,0
2023/3/2 00:37,0,0
2023/3/2 00:37,0,0
2023/3/2 00:37,0,0
2023/3/2 00:37,0,0
2023/3/2 00:37,0,0
2023/3/2 00:37,0,0
2023/3/2 00:37,0,0
2023/3/2 00:37,0,0
2023/3/2 00:37,0,0
2023/3/2 00:37,0,0
2023/3/2 00:37,0,0
2023/3/2 00:37,0,0
2023/3/2 00:37,0,0
2023/3/2 00:37,0,0
2023/3/2 00:37,0,0
2023/3/2 00:37,0,0
2023/3/2 00:37,0,0
2023/3/2 00:37,0,0
2023/3/2 00:37,0,0
2023/3/2 00:38,0,0
2023/3/2 00:38,0,0
2023/3/2 00:38,0,0
2023/3/2 00:38,0,0
2023/3/2 00:38,0,0
2023/3/2 00:38,0,0
2023/3/2 00:38,0,0
2023/3/2 00:38,0,0
2023/3/2 00:38,0,0
2023/3/2 00:38,0,0
2023/3/2 00:38,0,0
2023/3/2 00:38,0,0
2023/3/2 00:38,0,0
2023/3/2 00:38,0,0
2023/3/2 00:38,0,0
2023/3/2 00:38,0,0
2023/3/2 00:38,0,0
2023/3/2 00:38,0,0
2023/3/2 00:38,0,0
2023/3/2 00:38,0,0
2023/3/2 00:38,0,0
2023/3/2 00:38,0,0
2023/3/2 00:38,0,0
2023/3/2 00:38,0,0
2023/3/2 00:38,0,0
2023/3/2 00:38,0,0
2023/3/2 00:38,0,0
2023/3/2 00:38,0,0
2023/3/2 00:38,0,0
2023/3/2 00:38,0,0
2023/3/2 00:39,0,0
2023/3/2 00:39,0,0
2023/3/2 00:39,0,0
2023/3/2 00:39,0,0
2023/3/2 00:39,0,0
2023/3/2 00:39,0,0
2023/3/2 00:39,0,0
2023/3/2 00:39,0,0
2023/3/2 00:39,0,0
2023/3/2 00:39,0,0
2023/3/2 00:39,0,0
2023/3/2 00:39,0,0
2023/3/2 00:39,0,0
2023/3/2 00:39,0,0
2023/3/2 00:39,0,0
2023/3/2 00:39,0,0
2023/3/2 00:39,0,0
2023/3/2 00:39,0,0
2023/3/2 00:39,0,0
2023/3/2 00:39,0,0
2023/3/2 00:39,0,0
2023/3/2 00:39,0,0
2023/3/2 00:39,0,0
2023/3/2 00:39,0,0
2023/3/2 00:39,0,0
2023/3/2 00:39,0,0
2023/3/2 00:39,0,0
2023/3/2 00:39,0,0
2023/3/2 00:39,0,0
2023/3/2 00:39,0,0
2023/3/2 00:40,0,0
2023/3/2 00:40,0,0
2023/3/2 00:40,0,0
2023/3/2 00:40,0,0
2023/3/2 00:40,0,0
2023/3/2 00:40,0,0
2023/3/2 00:40,0,0
2023/3/2 00:40,0,0
2023/3/2 00:40,0,0
2023/3/2 00:40,0,0
2023/3/2 00:40,0,0
2023/3/2 00:40,0,0
2023/3/2 00:40,0,0
2023/3/2 00:40,0,0
2023/3/2 00:40,0,0
2023/3/2 00:40,0,0
2023/3/2 00:40,0,0
2023/3/2 00:40,0,0
2023/3/2 00:40,0,0
2023/3/2 00:40,0,0
2023/3/2 00:40,0,0
2023/3/2 00:40,0,0
2023/3/2 00:40,0,0
2023/3/2 00:40,0,0
2023/3/2 00:40,0,0
2023/3/2 00:40,0,0
2023/3/2 00:40,0,0
2023/3/2 00:40,0,0
2023/3/2 00:40,0,0
2023/3/2 00:40,0,0
2023/3/2 00:41,0,0
2023/3/2 00:41,0,0
2023/3/2 00:41,0,0
2023/3/2 00:41,0,0
2023/3/2 00:41,0,0
2023/3/2 00:41,0,0
2023/3/2 00:41,0,0
2023/3/2 00:41,0,0
2023/3/2 00:41,0,0
2023/3/2 00:41,0,0
2023/3/2 00:41,0,0
2023/3/2 00:41,0,0
2023/3/2 00:41,0,0
2023/3/2 00:41,0,0
2023/3/2 00:41,0,0
2023/3/2 00:41,0,0
2023/3/2 00:41,0,0
2023/3/2 00:41,0,0
2023/3/2 00:41,0,0
2023/3/2 00:41,0,0
2023/3/2 00:41,0,0
2023/3/2 00:41,0,0
2023/3/2 00:41,0,0
2023/3/2 00:41,0,0
2023/3/2 00:41,0,0
2023/3/2 00:41,0,0
2023/3/2 00:41,0,0
2023/3/2 00:41,0,0
2023/3/2 00:41,0,0
2023/3/2 00:41,0,0
2023/3/2 00:42,0,0
2023/3/2 00:42,0,0
2023/3/2 00:42,0,0
2023/3/2 00:42,0,0
2023/3/2 00:42,0,0
2023/3/2 00:42,0,0
2023/3/2 00:42,0,0
2023/3/2 00:42,0,0
2023/3/2 00:42,0,0
2023/3/2 00:42,0,0
2023/3/2 00:42,0,0
2023/3/2 00:42,0,0
2023/3/2 00:42,0,0
2023/3/2 00:42,0,0
2023/3/2 00:42,0,0
2023/3/2 00:42,0,0
2023/3/2 00:42,0,0
2023/3/2 00:42,0,0
2023/3/2 00:42,0,0
2023/3/2 00:42,0,0
2023/3/2 00:42,0,0
2023/3/2 00:42,0,0
2023/3/2 00:42,0,0
2023/3/2 00:42,0,0
2023/3/2 00:42,0,0
2023/3/2 00:42,0,0
2023/3/2 00:42,0,0
2023/3/2 00:42,0,0
2023/3/2 00:42,0,0
2023/3/2 00:42,0,0
2023/3/2 00:43,0,0
2023/3/2 00:43,0,0
2023/3/2 00:43,0,0
2023/3/2 00:43,0,0
2023/3/2 00:43,0,0
2023/3/2 00:43,0,0
2023/3/2 00:43,0,0
2023/3/2 00:43,0,0
2023/3/2 00:43,0,0
2023/3/2 00:43,0,0
2023/3/2 00:43,0,0
2023/3/2 00:43,0,0
2023/3/2 00:43,0,0
2023/3/2 00:43,0,0
2023/3/2 00:43,0,0
2023/3/2 00:43,0,0
2023/3/2 00:43,0,0
2023/3/2 00:43,0,0
2023/3/2 00:43,0,0
2023/3/2 00:43,0,0
2023/3/2 00:43,0,0
2023/3/2 00:43,0,0
2023/3/2 00:43,0,0
2023/3/2 00:43,0,0
2023/3/2 00:43,0,0
2023/3/2 00:43,0,0
2023/3/2 00:43,0,0
2023/3/2 00:43,0,0
2023/3/2 00:43,0,0
2023/3/2 00:43,0,0
2023/3/2 00:44,0,0
2023/3/2 00:44,0,0
2023/3/2 00:44,0,0
2023/3/2 00:44,0,0
2023/3/2 00:44,0,0
2023/3/2 00:44,0,0
2023/3/2 00:44,0,0
2023/3/2 00:44,0,0
2023/3/2 00:44,0,0
2023/3/2 00:44,0,0
2023/3/2 00:44,0,0
2023/3/2 00:44,0,0
2023/3/2 00:44,0,0
2023/3/2 00:44,0,0
2023/3/2 00:44,0,0
2023/3/2 00:44,0,0
2023/3/2 00:44,0,0
2023/3/2 00:44,0,0
2023/3/2 00:44,0,0
2023/3/2 00:44,0,0
2023/3/2 00:44,0,0
2023/3/2 00:44,0,0
2023/3/2 00:44,0,0
2023/3/2 00:44,0,0
2023/3/2 00:44,0,0
2023/3/2 00:44,0,0
2023/3/2 00:44,0,0
2023/3/2 00:44,0,0
2023/3/2 00:44,0,0
2023/3/2 00:44,0,0
2023/3/2 00:45,0,0
2023/3/2 00:45,0,0
2023/3/2 00:45,0,0
2023/3/2 00:45,0,0
2023/3/2 00:45,0,0
2023/3/2 00:45,0,0
2023/3/2 00:45,0,0
2023/3/2 00:45,0,0
2023/3/2 00:45,0,0
2023/3/2 00:45,0,0
2023/3/2 00:45,0,0
2023/3/2 00:45,0,0
2023/3/2 00:45,0,0
2023/3/2 00:45,0,0
2023/3/2 00:45,0,0
2023/3/2 00:45,0,0
2023/3/2 00:45,0,0
2023/3/2 00:45,0,0
2023/3/2 00:45,0,0
2023/3/2 00:45,0,0
2023/3/2 00:45,0,0
2023/3/2 00:45,0,0
2023/3/2 00:45,0,0
2023/3/2 00:45,0,0
2023/3/2 00:45,0,0
2023/3/2 00:45,0,0
2023/3/2 00:45,0,0
2023/3/2 00:45,0,0
2023/3/2 00:45,0,0
2023/3/2 00:45,0,0
2023/3/2 00:46,0,0
2023/3/2 00:46,0,0
2023/3/2 00:46,0,0
2023/3/2 00:46,0,0
2023/3/2 00:46,0,0
2023/3/2 00:46,0,0
2023/3/2 00:46,0,0
2023/3/2 00:46,0,0
2023/3/2 00:46,0,0
2023/3/2 00:46,0,0
2023/3/2 00:46,0,0
2023/3/2 00:46,0,0
2023/3/2 00:46,0,0
2023/3/2 00:46,0,0
2023/3/2 00:46,0,0
2023/3/2 00:46,0,0
2023/3/2 00:46,0,0
2023/3/2 00:46,0,0
2023/3/2 00:46,0,0
2023/3/2 00:46,0,0
2023/3/2 00:46,0,0
2023/3/2 00:46,0,0
2023/3/2 00:46,0,0
2023/3/2 00:46,0,0
2023/3/2 00:46,0,0
2023/3/2 00:46,0,0
2023/3/2 00:46,0,0
2023/3/2 00:46,0,0
2023/3/2 00:46,0,0
2023/3/2 00:46,0,0
2023/3/2 00:47,0,0
2023/3/2 00:47,0,0
2023/3/2 00:47,0,0
2023/3/2 00:47,0,0
2023/3/2 00:47,0,0
2023/3/2 00:47,0,0
2023/3/2 00:47,0,0
2023/3/2 00:47,0,0
2023/3/2 00:47,0,0
2023/3/2 00:47,0,0
2023/3/2 00:47,0,0
2023/3/2 00:47,0,0
2023/3/2 00:47,0,0
2023/3/2 00:47,0,0
2023/3/2 00:47,0,0
2023/3/2 00:47,0,0
2023/3/2 00:47,0,0
2023/3/2 00:47,0,0
2023/3/2 00:47,0,0
2023/3/2 00:47,0,0
2023/3/2 00:47,0,0
2023/3/2 00:47,0,0
2023/3/2 00:47,0,0
2023/3/2 00:47,0,0
2023/3/2 00:47,0,0
2023/3/2 00:47,0,0
2023/3/2 00:47,0,0
2023/3/2 00:47,0,0
2023/3/2 00:47,0,0
2023/3/2 00:47,0,0
2023/3/2 00:48,0,0
2023/3/2 00:48,0,0
2023/3/2 00:48,0,0
2023/3/2 00:48,0,0
2023/3/2 00:48,0,0
2023/3/2 00:48,0,0
2023/3/2 00:48,0,0
2023/3/2 00:48,0,0
2023/3/2 00:48,0,0
2023/3/2 00:48,0,0
2023/3/2 00:48,0,0
2023/3/2 00:48,0,0
2023/3/2 00:48,0,0
2023/3/2 00:48,0,0
2023/3/2 00:48,0,0
2023/3/2 00:48,0,0
2023/3/2 00:48,0,0
2023/3/2 00:48,0,0
2023/3/2 00:48,0,0
2023/3/2 00:48,0,0
2023/3/2 00:48,0,0
2023/3/2 00:48,0,0
2023/3/2 00:48,0,0
2023/3/2 00:48,0,0
2023/3/2 00:48,0,0
2023/3/2 00:48,0,0
2023/3/2 00:48,0,0
2023/3/2 00:48,0,0
2023/3/2 00:48,0,0
2023/3/2 00:48,0,0
2023/3/2 00:49,0,0
2023/3/2 00:49,0,0
2023/3/2 00:49,0,0
2023/3/2 00:49,0,0
2023/3/2 00:49,0,0
2023/3/2 00:49,0,0
2023/3/2 00:49,0,0
2023/3/2 00:49,0,0
2023/3/2 00:49,0,0
2023/3/2 00:49,0,0
2023/3/2 00:49,0,0
2023/3/2 00:49,0,0
2023/3/2 00:49,0,0
2023/3/2 00:49,0,0
2023/3/2 00:49,0,0
2023/3/2 00:49,0,0
2023/3/2 00:49,0,0
2023/3/2 00:49,0,0
2023/3/2 00:49,0,0
2023/3/2 00:49,0,0
2023/3/2 00:49,0,0
2023/3/2 00:49,0,0
2023/3/2 00:49,0,0
2023/3/2 00:49,0,0
2023/3/2 00:49,0,0
2023/3/2 00:49,0,0
2023/3/2 00:49,0,0
2023/3/2 00:49,0,0
2023/3/2 00:49,0,0
2023/3/2 00:49,0,0
2023/3/2 00:50,0,0
2023/3/2 00:50,0,0
2023/3/2 00:50,0,0
2023/3/2 00:50,0,0
2023/3/2 00:50,0,0
2023/3/2 00:50,0,0
2023/3/2 00:50,0,0
2023/3/2 00:50,0,0
2023/3/2 00:50,0,0
2023/3/2 00:50,0,0
2023/3/2 00:50,0,0
2023/3/2 00:50,0,0
2023/3/2 00:50,0,0
2023/3/2 00:50,0,0
2023/3/2 00:50,0,0
2023/3/2 00:50,0,0
2023/3/2 00:50,0,0
2023/3/2 00:50,0,0
2023/3/2 00:50,0,0
2023/3/2 00:50,0,0
2023/3/2 00:50,0,0
2023/3/2 00:50,0,0
2023/3/2 00:50,0,0
2023/3/2 00:50,0,0
2023/3/2 00:50,0,0
2023/3/2 00:50,0,0
2023/3/2 00:50,0,0
2023/3/2 00:50,0,0
2023/3/2 00:50,0,0
2023/3/2 00:50,0,0
2023/3/2 00:51,0,0
2023/3/2 00:51,0,0
2023/3/2 00:51,0,0
2023/3/2 00:51,0,0
2023/3/2 00:51,0,0
2023/3/2 00:51,0,0
2023/3/2 00:51,0,0
2023/3/2 00:51,0,0
2023/3/2 00:51,0,0
2023/3/2 00:51,0,0
2023/3/2 00:51,0,0
2023/3/2 00:51,0,0
2023/3/2 00:51,0,0
2023/3/2 00:51,0,0
2023/3/2 00:51,0,0
2023/3/2 00:51,0,0
2023/3/2 00:51,0,0
2023/3/2 00:51,0,0
2023/3/2 00:51,0,0
2023/3/2 00:51,0,0
2023/3/2 00:51,0,0
2023/3/2 00:51,0,0
2023/3/2 00:51,0,0
2023/3/2 00:51,0,0
2023/3/2 00:51,0,0
2023/3/2 00:51,0,0
2023/3/2 00:51,0,0
2023/3/2 00:51,0,0
2023/3/2 00:51,0,0
2023/3/2 00:51,0,0
2023/3/2 00:52,0,0
2023/3/2 00:52,0,0
2023/3/2 00:52,0,0
2023/3/2 00:52,0,0
2023/3/2 00:52,0,0
2023/3/2 00:52,0,0
2023/3/2 00:52,0,0
2023/3/2 00:52,0,0
2023/3/2 00:52,0,0
2023/3/2 00:52,0,0
2023/3/2 00:52,0,0
2023/3/2 00:52,0,0
2023/3/2 00:52,0,0
2023/3/2 00:52,0,0
2023/3/2 00:52,0,0
2023/3/2 00:52,0,0
2023/3/2 00:52,0,0
2023/3/2 00:52,0,0
2023/3/2 00:52,0,0
2023/3/2 00:52,0,0
2023/3/2 00:52,0,0
2023/3/2 00:52,0,0
2023/3/2 00:52,0,0
2023/3/2 00:52,0,0
2023/3/2 00:52,0,0
2023/3/2 00:52,0,0
2023/3/2 00:52,0,0
2023/3/2 00:52,0,0
2023/3/2 00:52,0,0
2023/3/2 00:52,0,0
2023/3/2 00:53,0,0
2023/3/2 00:53,0,0
2023/3/2 00:53,0,0
2023/3/2 00:53,0,0
2023/3/2 00:53,0,0
2023/3/2 00:53,0,0
2023/3/2 00:53,0,0
2023/3/2 00:53,0,0
2023/3/2 00:53,0,0
2023/3/2 00:53,0,0
2023/3/2 00:53,0,0
2023/3/2 00:53,0,0
2023/3/2 00:53,0,0
2023/3/2 00:53,0,0
2023/3/2 00:53,0,0
2023/3/2 00:53,0,0
2023/3/2 00:53,0,0
2023/3/2 00:53,0,0
2023/3/2 00:53,0,0
2023/3/2 00:53,0,0
2023/3/2 00:53,0,0
2023/3/2 00:53,0,0
2023/3/2 00:53,0,0
2023/3/2 00:53,0,0
2023/3/2 00:53,0,0
2023/3/2 00:53,0,0
2023/3/2 00:53,0,0
2023/3/2 00:53,0,0
2023/3/2 00:53,0,0
2023/3/2 00:53,0,0
2023/3/2 00:54,0,0
2023/3/2 00:54,0,0
2023/3/2 00:54,0,0
2023/3/2 00:54,0,0
2023/3/2 00:54,0,0
2023/3/2 00:54,0,0
2023/3/2 00:54,0,0
2023/3/2 00:54,0,0
2023/3/2 00:54,0,0
2023/3/2 00:54,0,0
2023/3/2 00:54,0,0
2023/3/2 00:54,0,0
2023/3/2 00:54,0,0
2023/3/2 00:54,0,0
2023/3/2 00:54,0,0
2023/3/2 00:54,0,0
2023/3/2 00:54,0,0
2023/3/2 00:54,0,0
2023/3/2 00:54,0,0
2023/3/2 00:54,0,0
2023/3/2 00:54,0,0
2023/3/2 00:54,0,0
2023/3/2 00:54,0,0
2023/3/2 00:54,0,0
2023/3/2 00:54,0,0
2023/3/2 00:54,0,0
2023/3/2 00:54,0,0
2023/3/2 00:54,0,0
2023/3/2 00:54,0,0
2023/3/2 00:54,0,0
2023/3/2 00:55,0,0
2023/3/2 00:55,0,0
2023/3/2 00:55,0,0
2023/3/2 00:55,0,0
2023/3/2 00:55,0,0
2023/3/2 00:55,0,0
2023/3/2 00:55,0,0
2023/3/2 00:55,0,0
2023/3/2 00:55,0,0
2023/3/2 00:55,0,0
2023/3/2 00:55,0,0
2023/3/2 00:55,0,0
2023/3/2 00:55,0,0
2023/3/2 00:55,0,0
2023/3/2 00:55,0,0
2023/3/2 00:55,0,0
2023/3/2 00:55,0,0
2023/3/2 00:55,0,0
2023/3/2 00:55,0,0
2023/3/2 00:55,0,0
2023/3/2 00:55,0,0
2023/3/2 00:55,0,0
2023/3/2 00:55,0,0
2023/3/2 00:55,0,0
2023/3/2 00:55,0,0
2023/3/2 00:55,0,0
2023/3/2 00:55,0,0
2023/3/2 00:55,0,0
2023/3/2 00:55,0,0
2023/3/2 00:55,0,0
2023/3/2 00:56,0,0
2023/3/2 00:56,0,0
2023/3/2 00:56,0,0
2023/3/2 00:56,0,0
2023/3/2 00:56,0,0
2023/3/2 00:56,0,0
2023/3/2 00:56,0,0
2023/3/2 00:56,0,0
2023/3/2 00:56,0,0
2023/3/2 00:56,0,0
2023/3/2 00:56,0,0
2023/3/2 00:56,0,0
2023/3/2 00:56,0,0
2023/3/2 00:56,0,0
2023/3/2 00:56,0,0
2023/3/2 00:56,0,0
2023/3/2 00:56,0,0
2023/3/2 00:56,0,0
2023/3/2 00:56,0,0
2023/3/2 00:56,0,0
2023/3/2 00:56,0,0
2023/3/2 00:56,0,0
2023/3/2 00:56,0,0
2023/3/2 00:56,0,0
2023/3/2 00:56,0,0
2023/3/2 00:56,0,0
2023/3/2 00:56,0,0
2023/3/2 00:56,0,0
2023/3/2 00:56,0,0
2023/3/2 00:56,0,0
2023/3/2 00:57,0,0
2023/3/2 00:57,0,0
2023/3/2 00:57,0,0
2023/3/2 00:57,0,0
2023/3/2 00:57,0,0
2023/3/2 00:57,0,0
2023/3/2 00:57,0,0
2023/3/2 00:57,0,0
2023/3/2 00:57,0,0
2023/3/2 00:57,0,0
2023/3/2 00:57,0,0
2023/3/2 00:57,0,0
2023/3/2 00:57,0,0
2023/3/2 00:57,0,0
2023/3/2 00:57,0,0
2023/3/2 00:57,0,0
2023/3/2 00:57,0,0
2023/3/2 00:57,0,0
2023/3/2 00:57,0,0
2023/3/2 00:57,0,0
2023/3/2 00:57,0,0
2023/3/2 00:57,0,0
2023/3/2 00:57,0,0
2023/3/2 00:57,0,0
2023/3/2 00:57,0,0
2023/3/2 00:57,0,0
2023/3/2 00:57,0,0
2023/3/2 00:57,0,0
2023/3/2 00:57,0,0
2023/3/2 00:57,0,0
2023/3/2 00:58,0,0
2023/3/2 00:58,0,0
2023/3/2 00:58,0,0
2023/3/2 00:58,0,0
2023/3/2 00:58,0,0
2023/3/2 00:58,0,0
2023/3/2 00:58,0,0
2023/3/2 00:58,0,0
2023/3/2 00:58,0,0
2023/3/2 00:58,0,0
2023/3/2 00:58,0,0
2023/3/2 00:58,0,0
2023/3/2 00:58,0,0
2023/3/2 00:58,0,0
2023/3/2 00:58,0,0
2023/3/2 00:58,0,0
2023/3/2 00:58,0,0
2023/3/2 00:58,0,0
2023/3/2 00:58,0,0
2023/3/2 00:58,0,0
2023/3/2 00:58,0,0
2023/3/2 00:58,0,0
2023/3/2 00:58,0,0
2023/3/2 00:58,0,0
2023/3/2 00:58,0,0
2023/3/2 00:58,0,0
2023/3/2 00:58,0,0
2023/3/2 00:58,0,0
2023/3/2 00:58,0,0
2023/3/2 00:58,0,0
2023/3/2 00:59,0,0
2023/3/2 00:59,0,0
2023/3/2 00:59,0,0
2023/3/2 00:59,0,0
2023/3/2 00:59,0,0
2023/3/2 00:59,0,0
2023/3/2 00:59,0,0
2023/3/2 00:59,0,0
2023/3/2 00:59,0,0
2023/3/2 00:59,0,0
2023/3/2 00:59,0,0
2023/3/2 00:59,0,0
2023/3/2 00:59,0,0
2023/3/2 00:59,0,0
2023/3/2 00:59,0,0
2023/3/2 00:59,0,0
2023/3/2 00:59,0,0
2023/3/2 00:59,0,0
2023/3/2 00:59,0,0
2023/3/2 00:59,0,0
2023/3/2 00:59,0,0
2023/3/2 00:59,0,0
2023/3/2 00:59,0,0
2023/3/2 00:59,0,0
2023/3/2 00:59,0,0
2023/3/2 00:59,0,0
2023/3/2 00:59,0,0
2023/3/2 00:59,0,0
2023/3/2 00:59,0,0
2023/3/2 00:59,0,0
2023/3/2 01:00,0,0
2023/3/2 01:00,0,0
2023/3/2 01:00,0,0
2023/3/2 01:00,0,0
2023/3/2 01:00,0,0
2023/3/2 01:00,0,0
2023/3/2 01:00,0,0
2023/3/2 01:00,0,0
2023/3/2 01:00,0,0
2023/3/2 01:00,0,0
2023/3/2 01:00,0,0
2023/3/2 01:00,0,0
2023/3/2 01:00,0,0
2023/3/2 01:00,0,0
2023/3/2 01:00,0,0
2023/3/2 01:00,0,0
2023/3/2 01:00,0,0
2023/3/2 01:00,0,0
2023/3/2 01:00,0,0
2023/3/2 01:00,0,0
2023/3/2 01:00,0,0
2023/3/2 01:00,0,0
2023/3/2 01:00,0,0
2023/3/2 01:00,0,0
2023/3/2 01:00,0,0
2023/3/2 01:00,0,0
2023/3/2 01:00,0,0
2023/3/2 01:00,0,0
2023/3/2 01:00,0,0
2023/3/2 01:00,0,0
2023/3/2 01:01,0,0
2023/3/2 01:01,0,0
2023/3/2 01:01,0,0
2023/3/2 01:01,0,0
2023/3/2 01:01,0,0
2023/3/2 01:01,0,0
2023/3/2 01:01,0,0
2023/3/2 01:01,0,0
2023/3/2 01:01,0,0
2023/3/2 01:01,0,0
2023/3/2 01:01,0,0
2023/3/2 01:01,0,0
2023/3/2 01:01,0,0
2023/3/2 01:01,0,0
2023/3/2 01:01,0,0
2023/3/2 01:01,0,0
2023/3/2 01:01,0,0
2023/3/2 01:01,0,0
2023/3/2 01:01,0,0
2023/3/2 01:01,0,0
2023/3/2 01:01,0,0
2023/3/2 01:01,0,0
2023/3/2 01:01,0,0
2023/3/2 01:01,0,0
2023/3/2 01:01,0,0
2023/3/2 01:01,0,0
2023/3/2 01:01,0,0
2023/3/2 01:01,0,0
2023/3/2 01:01,0,0
2023/3/2 01:01,0,0
2023/3/2 01:02,0,0
2023/3/2 01:02,0,0
2023/3/2 01:02,0,0
2023/3/2 01:02,0,0
2023/3/2 01:02,0,0
2023/3/2 01:02,0,0
2023/3/2 01:02,0,0
2023/3/2 01:02,0,0
2023/3/2 01:02,0,0
2023/3/2 01:02,0,0
2023/3/2 01:02,0,0
2023/3/2 01:02,0,0
2023/3/2 01:02,440,0
2023/3/2 01:02,520,0
2023/3/2 01:02,540,0
2023/3/2 01:02,580,0
2023/3/2 01:02,580,0
2023/3/2 01:02,580,0
2023/3/2 01:02,580,0
2023/3/2 01:02,580,0
2023/3/2 01:02,580,0
2023/3/2 01:02,560,0
2023/3/2 01:02,560,0
2023/3/2 01:02,560,0
2023/3/2 01:02,580,0
2023/3/2 01:02,580,0
2023/3/2 01:02,600,0
2023/3/2 01:02,560,0
2023/3/2 01:02,600,0
2023/3/2 01:02,580,0
2023/3/2 01:03,560,0
2023/3/2 01:03,560,0
2023/3/2 01:03,600,0
2023/3/2 01:03,580,0
2023/3/2 01:03,580,0
2023/3/2 01:03,580,0
2023/3/2 01:03,580,0
2023/3/2 01:03,580,0
2023/3/2 01:03,580,0
2023/3/2 01:03,580,0
2023/3/2 01:03,580,0
2023/3/2 01:03,580,0
2023/3/2 01:03,580,0
2023/3/2 01:03,580,0
2023/3/2 01:03,580,0
2023/3/2 01:03,580,0
2023/3/2 01:03,580,0
2023/3/2 01:03,580,0
2023/3/2 01:03,580,0
2023/3/2 01:03,580,0
2023/3/2 01:03,580,0
2023/3/2 01:03,580,0
2023/3/2 01:03,580,0
2023/3/2 01:03,580,0
2023/3/2 01:03,580,0
2023/3/2 01:03,600,0
2023/3/2 01:03,580,0
2023/3/2 01:03,600,0
2023/3/2 01:03,580,0
2023/3/2 01:03,580,0
2023/3/2 01:04,560,0
2023/3/2 01:04,580,0
2023/3/2 01:04,600,0
2023/3/2 01:04,580,0
2023/3/2 01:04,580,0
2023/3/2 01:04,560,0
2023/3/2 01:04,560,0
2023/3/2 01:04,580,0
2023/3/2 01:04,580,0
2023/3/2 01:04,560,0
2023/3/2 01:04,600,0
2023/3/2 01:04,580,0
2023/3/2 01:04,560,0
2023/3/2 01:04,580,0
2023/3/2 01:04,580,0
2023/3/2 01:04,560,0
2023/3/2 01:04,580,0
2023/3/2 01:04,580,0
2023/3/2 01:04,560,0
2023/3/2 01:04,580,0
2023/3/2 01:04,580,0
2023/3/2 01:04,560,0
2023/3/2 01:04,580,0
2023/3/2 01:04,560,0
2023/3/2 01:04,560,0
2023/3/2 01:04,580,0
2023/3/2 01:04,560,0
2023/3/2 01:04,580,0
2023/3/2 01:04,580,0
2023/3/2 01:04,580,0
2023/3/2 01:05,580,0
2023/3/2 01:05,580,0
2023/3/2 01:05,580,0
2023/3/2 01:05,580,0
2023/3/2 01:05,560,0
2023/3/2 01:05,580,0
2023/3/2 01:05,560,0
2023/3/2 01:05,560,0
2023/3/2 01:05,560,0
2023/3/2 01:05,560,0
2023/3/2 01:05,580,0
2023/3/2 01:05,600,0
2023/3/2 01:05,560,0
2023/3/2 01:05,560,0
2023/3/2 01:05,560,0
2023/3/2 01:05,580,0
2023/3/2 01:05,560,0
2023/3/2 01:05,600,0
2023/3/2 01:05,560,0
2023/3/2 01:05,560,0
2023/3/2 01:05,580,0
2023/3/2 01:05,580,0
2023/3/2 01:05,580,0
2023/3/2 01:05,560,0
2023/3/2 01:05,560,0
2023/3/2 01:05,560,0
2023/3/2 01:05,560,0
2023/3/2 01:05,560,0
2023/3/2 01:05,560,0
2023/3/2 01:05,560,0
2023/3/2 01:06,560,0
2023/3/2 01:06,560,0
2023/3/2 01:06,580,0
2023/3/2 01:06,580,0
2023/3/2 01:06,560,0
2023/3/2 01:06,560,0
2023/3/2 01:06,560,0
2023/3/2 01:06,560,0
2023/3/2 01:06,580,0
2023/3/2 01:06,560,0
2023/3/2 01:06,560,0
2023/3/2 01:06,560,0
2023/3/2 01:06,580,0
2023/3/2 01:06,580,0
2023/3/2 01:06,560,0
2023/3/2 01:06,560,0
2023/3/2 01:06,560,0
2023/3/2 01:06,560,0
2023/3/2 01:06,560,0
2023/3/2 01:06,560,0
2023/3/2 01:06,580,0
2023/3/2 01:06,560,0
2023/3/2 01:06,560,0
2023/3/2 01:06,560,0
2023/3/2 01:06,560,0
2023/3/2 01:06,580,0
2023/3/2 01:06,580,0
2023/3/2 01:06,560,0
2023/3/2 01:06,560,0
2023/3/2 01:06,580,0
2023/3/2 01:07,560,0
2023/3/2 01:07,580,0
2023/3/2 01:07,560,0
2023/3/2 01:07,580,0
2023/3/2 01:07,560,0
2023/3/2 01:07,560,0
2023/3/2 01:07,580,0
2023/3/2 01:07,580,0
2023/3/2 01:07,560,0
2023/3/2 01:07,560,0
2023/3/2 01:07,580,0
2023/3/2 01:07,560,0
2023/3/2 01:07,600,0
2023/3/2 01:07,580,0
2023/3/2 01:07,580,0
2023/3/2 01:07,560,0
2023/3/2 01:07,600,0
2023/3/2 01:07,560,0
2023/3/2 01:07,580,0
2023/3/2 01:07,560,0
2023/3/2 01:07,580,0
2023/3/2 01:07,560,0
2023/3/2 01:07,600,0
2023/3/2 01:07,560,0
2023/3/2 01:07,580,0
2023/3/2 01:07,560,0
2023/3/2 01:07,600,0
2023/3/2 01:07,560,0
2023/3/2 01:07,580,0
2023/3/2 01:07,560,0
2023/3/2 01:08,560,0
2023/3/2 01:08,560,0
2023/3/2 01:08,580,0
2023/3/2 01:08,580,0
2023/3/2 01:08,580,0
2023/3/2 01:08,580,0
2023/3/2 01:08,580,0
2023/3/2 01:08,580,0
2023/3/2 01:08,580,0
2023/3/2 01:08,600,0
2023/3/2 01:08,580,0
2023/3/2 01:08,580,0
2023/3/2 01:08,620,0
2023/3/2 01:08,580,0
2023/3/2 01:08,580,0
2023/3/2 01:08,600,0
2023/3/2 01:08,600,0
2023/3/2 01:08,580,0
2023/3/2 01:08,600,0
2023/3/2 01:08,580,0
2023/3/2 01:08,580,0
2023/3/2 01:08,580,0
2023/3/2 01:08,580,0
2023/3/2 01:08,580,0
2023/3/2 01:08,580,0
2023/3/2 01:08,600,0
2023/3/2 01:08,580,0
2023/3/2 01:08,580,0
2023/3/2 01:08,560,0
2023/3/2 01:08,580,0
2023/3/2 01:09,580,0
2023/3/2 01:09,620,0
2023/3/2 01:09,600,0
2023/3/2 01:09,600,0
2023/3/2 01:09,600,0
2023/3/2 01:09,600,0
2023/3/2 01:09,600,0
2023/3/2 01:09,580,0
2023/3/2 01:09,600,0
2023/3/2 01:09,600,0
2023/3/2 01:09,600,0
2023/3/2 01:09,600,0
2023/3/2 01:09,580,0
2023/3/2 01:09,620,0
2023/3/2 01:09,600,0
2023/3/2 01:09,600,0
2023/3/2 01:09,600,0
2023/3/2 01:09,600,0
2023/3/2 01:09,580,0
2023/3/2 01:09,600,0
2023/3/2 01:09,600,0
2023/3/2 01:09,600,0
2023/3/2 01:09,600,0
2023/3/2 01:09,600,0
2023/3/2 01:09,600,0
2023/3/2 01:09,600,0
2023/3/2 01:09,600,0
2023/3/2 01:09,600,0
2023/3/2 01:09,600,0
2023/3/2 01:09,600,0
2023/3/2 01:10,600,0
2023/3/2 01:10,600,0
2023/3/2 01:10,600,0
2023/3/2 01:10,600,0
2023/3/2 01:10,600,0
2023/3/2 01:10,600,0
2023/3/2 01:10,600,0
2023/3/2 01:10,600,0
2023/3/2 01:10,600,0
2023/3/2 01:10,600,0
2023/3/2 01:10,600,0
2023/3/2 01:10,600,0
2023/3/2 01:10,600,0
2023/3/2 01:10,580,0
2023/3/2 01:10,600,0
2023/3/2 01:10,600,0
2023/3/2 01:10,600,0
2023/3/2 01:10,600,0
2023/3/2 01:10,600,0
2023/3/2 01:10,580,0
2023/3/2 01:10,600,0
2023/3/2 01:10,600,0
2023/3/2 01:10,600,0
2023/3/2 01:10,580,0
2023/3/2 01:10,600,0
2023/3/2 01:10,600,0
2023/3/2 01:10,580,0
2023/3/2 01:10,600,0
2023/3/2 01:10,600,0
2023/3/2 01:10,580,0
2023/3/2 01:11,580,0
2023/3/2 01:11,600,0
2023/3/2 01:11,600,0
2023/3/2 01:11,580,0
2023/3/2 01:11,600,0
2023/3/2 01:11,580,0
2023/3/2 01:11,580,0
2023/3/2 01:11,600,0
2023/3/2 01:11,600,0
2023/3/2 01:11,620,0
2023/3/2 01:11,580,0
2023/3/2 01:11,580,0
2023/3/2 01:11,580,0
2023/3/2 01:11,580,0
2023/3/2 01:11,620,0
2023/3/2 01:11,580,0
2023/3/2 01:11,600,0
2023/3/2 01:11,600,0
2023/3/2 01:11,580,0
2023/3/2 01:11,600,0
2023/3/2 01:11,600,0
2023/3/2 01:11,580,0
2023/3/2 01:11,600,0
2023/3/2 01:11,580,0
2023/3/2 01:11,580,0
2023/3/2 01:11,600,0
2023/3/2 01:11,580,0
2023/3/2 01:11,580,0
2023/3/2 01:11,580,0
2023/3/2 01:11,600,0
2023/3/2 01:12,580,0
2023/3/2 01:12,580,0
2023/3/2 01:12,620,0
2023/3/2 01:12,580,0
2023/3/2 01:12,580,0
2023/3/2 01:12,580,0
2023/3/2 01:12,600,0
2023/3/2 01:12,580,0
2023/3/2 01:12,580,0
2023/3/2 01:12,580,0
2023/3/2 01:12,580,0
2023/3/2 01:12,580,0
2023/3/2 01:12,600,0
2023/3/2 01:12,580,0
2023/3/2 01:12,580,0
2023/3/2 01:12,580,0
2023/3/2 01:12,580,0
2023/3/2 01:12,580,0
2023/3/2 01:12,600,0
2023/3/2 01:12,600,0
2023/3/2 01:12,580,0
2023/3/2 01:12,580,0
2023/3/2 01:12,580,0
2023/3/2 01:12,580,0
2023/3/2 01:12,580,0
2023/3/2 01:12,580,0
2023/3/2 01:12,580,0
2023/3/2 01:12,580,0
2023/3/2 01:12,580,0
2023/3/2 01:12,580,0
2023/3/2 01:13,580,0
2023/3/2 01:13,580,0
2023/3/2 01:13,580,0
2023/3/2 01:13,580,0
2023/3/2 01:13,580,0
2023/3/2 01:13,580,0
2023/3/2 01:13,580,0
2023/3/2 01:13,580,0
2023/3/2 01:13,580,0
2023/3/2 01:13,580,0
2023/3/2 01:13,580,0
2023/3/2 01:13,580,0
2023/3/2 01:13,580,0
2023/3/2 01:13,580,0
2023/3/2 01:13,580,0
2023/3/2 01:13,580,0
2023/3/2 01:13,580,0
2023/3/2 01:13,600,0
2023/3/2 01:13,580,0
2023/3/2 01:13,580,0
2023/3/2 01:13,580,0
2023/3/2 01:13,600,0
2023/3/2 01:13,580,0
2023/3/2 01:13,580,0
2023/3/2 01:13,580,0
2023/3/2 01:13,600,0
2023/3/2 01:13,580,0
2023/3/2 01:13,580,0
2023/3/2 01:13,580,0
2023/3/2 01:13,580,0
2023/3/2 01:14,580,0
2023/3/2 01:14,580,0
2023/3/2 01:14,580,0
2023/3/2 01:14,580,0
2023/3/2 01:14,580,0
2023/3/2 01:14,580,0
2023/3/2 01:14,580,0
2023/3/2 01:14,580,0
2023/3/2 01:14,580,0
2023/3/2 01:14,580,0
2023/3/2 01:14,580,0
2023/3/2 01:14,580,0
2023/3/2 01:14,600,0
2023/3/2 01:14,580,0
2023/3/2 01:14,580,0
2023/3/2 01:14,580,0
2023/3/2 01:14,620,0
2023/3/2 01:14,600,0
2023/3/2 01:14,580,0
2023/3/2 01:14,580,0
2023/3/2 01:14,580,0
2023/3/2 01:14,580,0
2023/3/2 01:14,600,0
2023/3/2 01:14,580,0
2023/3/2 01:14,580,0
2023/3/2 01:14,600,0
2023/3/2 01:14,620,0
2023/3/2 01:14,580,0
2023/3/2 01:14,600,0
2023/3/2 01:14,580,0
2023/3/2 01:15,580,0
2023/3/2 01:15,580,0
2023/3/2 01:15,600,0
2023/3/2 01:15,600,0
2023/3/2 01:15,600,0
2023/3/2 01:15,600,0
2023/3/2 01:15,580,0
2023/3/2 01:15,580,0
2023/3/2 01:15,600,0
2023/3/2 01:15,600,0
2023/3/2 01:15,580,0
2023/3/2 01:15,600,0
2023/3/2 01:15,600,0
2023/3/2 01:15,580,0
2023/3/2 01:15,580,0
2023/3/2 01:15,600,0
2023/3/2 01:15,600,0
2023/3/2 01:15,600,0
2023/3/2 01:15,600,0
2023/3/2 01:15,600,0
2023/3/2 01:15,600,0
2023/3/2 01:15,600,0
2023/3/2 01:15,600,0
2023/3/2 01:15,580,0
2023/3/2 01:15,600,0
2023/3/2 01:15,580,0
2023/3/2 01:15,580,0
2023/3/2 01:15,600,0
2023/3/2 01:15,600,0
2023/3/2 01:15,600,0
2023/3/2 01:16,600,0
2023/3/2 01:16,600,0
2023/3/2 01:16,580,0
2023/3/2 01:16,600,0
2023/3/2 01:16,600,0
2023/3/2 01:16,600,0
2023/3/2 01:16,600,0
2023/3/2 01:16,600,0
2023/3/2 01:16,600,0
2023/3/2 01:16,600,0
2023/3/2 01:16,600,0
2023/3/2 01:16,600,0
2023/3/2 01:16,600,0
2023/3/2 01:16,600,0
2023/3/2 01:16,620,0
2023/3/2 01:16,600,0
2023/3/2 01:16,600,0
2023/3/2 01:16,600,0
2023/3/2 01:16,600,0
2023/3/2 01:16,600,0
2023/3/2 01:16,600,0
2023/3/2 01:16,600,0
2023/3/2 01:16,600,0
2023/3/2 01:16,600,0
2023/3/2 01:16,600,0
2023/3/2 01:16,600,0
2023/3/2 01:16,600,0
2023/3/2 01:16,600,0
2023/3/2 01:16,600,0
2023/3/2 01:16,600,0
2023/3/2 01:17,600,0
2023/3/2 01:17,600,0
2023/3/2 01:17,600,0
2023/3/2 01:17,600,0
2023/3/2 01:17,600,0
2023/3/2 01:17,600,0
2023/3/2 01:17,620,0
2023/3/2 01:17,600,0
2023/3/2 01:17,620,0
2023/3/2 01:17,600,0
2023/3/2 01:17,600,0
2023/3/2 01:17,600,0
2023/3/2 01:17,600,0
2023/3/2 01:17,600,0
2023/3/2 01:17,580,0
2023/3/2 01:17,600,0
2023/3/2 01:17,620,0
2023/3/2 01:17,600,0
2023/3/2 01:17,580,0
2023/3/2 01:17,620,0
2023/3/2 01:17,600,0
2023/3/2 01:17,640,0
2023/3/2 01:17,620,0
2023/3/2 01:17,620,0
2023/3/2 01:17,620,0
2023/3/2 01:17,620,0
2023/3/2 01:17,600,0
2023/3/2 01:17,620,0
2023/3/2 01:17,600,0
2023/3/2 01:17,620,0
2023/3/2 01:18,620,0
2023/3/2 01:18,580,0
2023/3/2 01:18,580,0
2023/3/2 01:18,620,0
2023/3/2 01:18,600,0
2023/3/2 01:18,600,0
2023/3/2 01:18,600,0
2023/3/2 01:18,580,0
2023/3/2 01:18,580,0
2023/3/2 01:18,600,0
2023/3/2 01:18,600,0
2023/3/2 01:18,580,0
2023/3/2 01:18,580,0
2023/3/2 01:18,580,0
2023/3/2 01:18,580,0
2023/3/2 01:18,580,0
2023/3/2 01:18,580,0
2023/3/2 01:18,580,0
2023/3/2 01:18,580,0
2023/3/2 01:18,580,0
2023/3/2 01:18,580,0
2023/3/2 01:18,580,0
2023/3/2 01:18,580,0
2023/3/2 01:18,580,0
2023/3/2 01:18,600,0
2023/3/2 01:18,580,0
2023/3/2 01:18,580,0
2023/3/2 01:18,600,0
2023/3/2 01:18,580,0
2023/3/2 01:18,580,0
2023/3/2 01:19,600,0
2023/3/2 01:19,580,0
2023/3/2 01:19,580,0
2023/3/2 01:19,580,0
2023/3/2 01:19,580,0
2023/3/2 01:19,580,0
2023/3/2 01:19,580,0
2023/3/2 01:19,580,0
2023/3/2 01:19,580,0
2023/3/2 01:19,580,0
2023/3/2 01:19,580,0
2023/3/2 01:19,580,0
2023/3/2 01:19,580,0
2023/3/2 01:19,580,0
2023/3/2 01:19,600,0
2023/3/2 01:19,580,0
2023/3/2 01:19,580,0
2023/3/2 01:19,580,0
2023/3/2 01:19,580,0
2023/3/2 01:19,580,0
2023/3/2 01:19,600,0
2023/3/2 01:19,580,0
2023/3/2 01:19,580,0
2023/3/2 01:19,580,0
2023/3/2 01:19,580,0
2023/3/2 01:19,620,0
2023/3/2 01:19,580,0
2023/3/2 01:19,580,0
2023/3/2 01:19,580,0
2023/3/2 01:19,580,0
2023/3/2 01:20,580,0
2023/3/2 01:20,580,0
2023/3/2 01:20,580,0
2023/3/2 01:20,580,0
2023/3/2 01:20,580,0
2023/3/2 01:20,600,0
2023/3/2 01:20,580,0
2023/3/2 01:20,580,0
2023/3/2 01:20,580,0
2023/3/2 01:20,580,0
2023/3/2 01:20,580,0
2023/3/2 01:20,580,0
2023/3/2 01:20,580,0
2023/3/2 01:20,580,0
2023/3/2 01:20,580,0
2023/3/2 01:20,580,0
2023/3/2 01:20,580,0
2023/3/2 01:20,620,0
2023/3/2 01:20,580,0
2023/3/2 01:20,600,0
2023/3/2 01:20,580,0
2023/3/2 01:20,580,0
2023/3/2 01:20,600,0
2023/3/2 01:20,600,0
2023/3/2 01:20,600,0
2023/3/2 01:20,580,0
2023/3/2 01:20,580,0
2023/3/2 01:20,580,0
2023/3/2 01:20,580,0
2023/3/2 01:20,580,0
2023/3/2 01:21,580,0
2023/3/2 01:21,600,0
2023/3/2 01:21,620,0
2023/3/2 01:21,580,0
2023/3/2 01:21,600,0
2023/3/2 01:21,600,0
2023/3/2 01:21,580,0
2023/3/2 01:21,580,0
2023/3/2 01:21,580,0
2023/3/2 01:21,580,0
2023/3/2 01:21,580,0
2023/3/2 01:21,580,0
2023/3/2 01:21,600,0
2023/3/2 01:21,580,0
2023/3/2 01:21,580,0
2023/3/2 01:21,580,0
2023/3/2 01:21,580,0
2023/3/2 01:21,580,0
2023/3/2 01:21,580,0
2023/3/2 01:21,580,0
2023/3/2 01:21,600,0
2023/3/2 01:21,600,0
2023/3/2 01:21,580,0
2023/3/2 01:21,580,0
2023/3/2 01:21,580,0
2023/3/2 01:21,580,0
2023/3/2 01:21,580,0
2023/3/2 01:21,580,0
2023/3/2 01:21,580,0
2023/3/2 01:21,580,0
2023/3/2 01:22,580,0
2023/3/2 01:22,580,0
2023/3/2 01:22,580,0
2023/3/2 01:22,580,0
2023/3/2 01:22,600,0
2023/3/2 01:22,580,0
2023/3/2 01:22,580,0
2023/3/2 01:22,600,0
2023/3/2 01:22,580,0
2023/3/2 01:22,600,0
2023/3/2 01:22,580,0
2023/3/2 01:22,580,0
2023/3/2 01:22,580,0
2023/3/2 01:22,580,0
2023/3/2 01:22,580,0
2023/3/2 01:22,580,0
2023/3/2 01:22,580,0
2023/3/2 01:22,600,0
2023/3/2 01:22,580,0
2023/3/2 01:22,580,0
2023/3/2 01:22,580,0
2023/3/2 01:22,580,0
2023/3/2 01:22,580,0
2023/3/2 01:22,580,0
2023/3/2 01:22,580,0
2023/3/2 01:22,580,0
2023/3/2 01:22,580,0
2023/3/2 01:22,580,0
2023/3/2 01:22,580,0
2023/3/2 01:22,580,0
2023/3/2 01:23,580,0
2023/3/2 01:23,580,0
2023/3/2 01:23,600,0
2023/3/2 01:23,580,0
2023/3/2 01:23,580,0
2023/3/2 01:23,580,0
2023/3/2 01:23,580,0
2023/3/2 01:23,580,0
2023/3/2 01:23,580,0
2023/3/2 01:23,580,0
2023/3/2 01:23,580,0
2023/3/2 01:23,580,0
2023/3/2 01:23,580,0
2023/3/2 01:23,580,0
2023/3/2 01:23,580,0
2023/3/2 01:23,580,0
2023/3/2 01:23,580,0
2023/3/2 01:23,580,0
2023/3/2 01:23,580,0
2023/3/2 01:23,580,0
2023/3/2 01:23,580,0
2023/3/2 01:23,580,0
2023/3/2 01:23,580,0
2023/3/2 01:23,580,0
2023/3/2 01:23,580,0
2023/3/2 01:23,580,0
2023/3/2 01:23,580,0
2023/3/2 01:23,580,0
2023/3/2 01:23,580,0
2023/3/2 01:23,580,0
2023/3/2 01:24,580,0
2023/3/2 01:24,580,0
2023/3/2 01:24,580,0
2023/3/2 01:24,580,0
2023/3/2 01:24,580,0
2023/3/2 01:24,600,0
2023/3/2 01:24,580,0
2023/3/2 01:24,580,0
2023/3/2 01:24,580,0
2023/3/2 01:24,580,0
2023/3/2 01:24,580,0
2023/3/2 01:24,580,0
2023/3/2 01:24,580,0
2023/3/2 01:24,580,0
2023/3/2 01:24,580,0
2023/3/2 01:24,580,0
2023/3/2 01:24,580,0
2023/3/2 01:24,620,0
2023/3/2 01:24,580,0
2023/3/2 01:24,580,0
2023/3/2 01:24,600,0
2023/3/2 01:24,620,0
2023/3/2 01:24,580,0
2023/3/2 01:24,580,0
2023/3/2 01:24,580,0
2023/3/2 01:24,580,0
2023/3/2 01:24,580,0
2023/3/2 01:24,580,0
2023/3/2 01:24,580,0
2023/3/2 01:24,580,0
2023/3/2 01:25,600,0
2023/3/2 01:25,580,0
2023/3/2 01:25,580,0
2023/3/2 01:25,580,0
2023/3/2 01:25,580,0
2023/3/2 01:25,580,0
2023/3/2 01:25,580,0
2023/3/2 01:25,620,0
2023/3/2 01:25,580,0
2023/3/2 01:25,580,0
2023/3/2 01:25,580,0
2023/3/2 01:25,580,0
2023/3/2 01:25,600,0
2023/3/2 01:25,580,0
2023/3/2 01:25,580,0
2023/3/2 01:25,580,0
2023/3/2 01:25,580,0
2023/3/2 01:25,580,0
2023/3/2 01:25,580,0
2023/3/2 01:25,580,0
2023/3/2 01:25,580,0
2023/3/2 01:25,600,0
2023/3/2 01:25,600,0
2023/3/2 01:25,580,0
2023/3/2 01:25,580,0
2023/3/2 01:25,580,0
2023/3/2 01:25,600,0
2023/3/2 01:25,580,0
2023/3/2 01:25,580,0
2023/3/2 01:25,600,0
2023/3/2 01:26,580,0
2023/3/2 01:26,580,0
2023/3/2 01:26,600,0
2023/3/2 01:26,580,0
2023/3/2 01:26,580,0
2023/3/2 01:26,600,0
2023/3/2 01:26,580,0
2023/3/2 01:26,580,0
2023/3/2 01:26,580,0
2023/3/2 01:26,580,0
2023/3/2 01:26,580,0
2023/3/2 01:26,580,0
2023/3/2 01:26,580,0
2023/3/2 01:26,580,0
2023/3/2 01:26,600,0
2023/3/2 01:26,600,0
2023/3/2 01:26,580,0
2023/3/2 01:26,580,0
2023/3/2 01:26,580,0
2023/3/2 01:26,580,0
2023/3/2 01:26,580,0
2023/3/2 01:26,580,0
2023/3/2 01:26,580,0
2023/3/2 01:26,600,0
2023/3/2 01:26,600,0
2023/3/2 01:26,600,0
2023/3/2 01:26,600,0
2023/3/2 01:26,580,0
2023/3/2 01:26,600,0
2023/3/2 01:26,600,0
2023/3/2 01:27,580,0
2023/3/2 01:27,580,0
2023/3/2 01:27,580,0
2023/3/2 01:27,580,0
2023/3/2 01:27,580,0
2023/3/2 01:27,600,0
2023/3/2 01:27,580,0
2023/3/2 01:27,580,0
2023/3/2 01:27,580,0
2023/3/2 01:27,580,0
2023/3/2 01:27,600,0
2023/3/2 01:27,600,0
2023/3/2 01:27,580,0
2023/3/2 01:27,580,0
2023/3/2 01:27,600,0
2023/3/2 01:27,580,0
2023/3/2 01:27,600,0
2023/3/2 01:27,580,0
2023/3/2 01:27,580,0
2023/3/2 01:27,580,0
2023/3/2 01:27,600,0
2023/3/2 01:27,580,0
2023/3/2 01:27,600,0
2023/3/2 01:27,580,0
2023/3/2 01:27,580,0
2023/3/2 01:27,580,0
2023/3/2 01:27,580,0
2023/3/2 01:27,580,0
2023/3/2 01:27,580,0
2023/3/2 01:27,580,0
2023/3/2 01:28,600,0
2023/3/2 01:28,580,0
2023/3/2 01:28,600,0
2023/3/2 01:28,580,0
2023/3/2 01:28,600,0
2023/3/2 01:28,580,0
2023/3/2 01:28,580,0
2023/3/2 01:28,600,0
2023/3/2 01:28,580,0
2023/3/2 01:28,580,0
2023/3/2 01:28,580,0
2023/3/2 01:28,600,0
2023/3/2 01:28,580,0
2023/3/2 01:28,580,0
2023/3/2 01:28,580,0
2023/3/2 01:28,580,0
2023/3/2 01:28,580,0
2023/3/2 01:28,580,0
2023/3/2 01:28,580,0
2023/3/2 01:28,580,0
2023/3/2 01:28,580,0
2023/3/2 01:28,580,0
2023/3/2 01:28,580,0
2023/3/2 01:28,580,0
2023/3/2 01:28,580,0
2023/3/2 01:28,580,0
2023/3/2 01:28,580,0
2023/3/2 01:28,580,0
2023/3/2 01:28,580,0
2023/3/2 01:28,580,0
2023/3/2 01:29,580,0
2023/3/2 01:29,580,0
2023/3/2 01:29,580,0
2023/3/2 01:29,580,0
2023/3/2 01:29,580,0
2023/3/2 01:29,600,0
2023/3/2 01:29,580,0
2023/3/2 01:29,580,0
2023/3/2 01:29,580,0
2023/3/2 01:29,580,0
2023/3/2 01:29,580,0
2023/3/2 01:29,580,0
2023/3/2 01:29,600,0
2023/3/2 01:29,580,0
2023/3/2 01:29,580,0
2023/3/2 01:29,600,0
2023/3/2 01:29,580,0
2023/3/2 01:29,580,0
2023/3/2 01:29,580,0
2023/3/2 01:29,580,0
2023/3/2 01:29,580,0
2023/3/2 01:29,580,0
2023/3/2 01:29,600,0
2023/3/2 01:29,600,0
2023/3/2 01:29,580,0
2023/3/2 01:29,580,0
2023/3/2 01:29,620,0
2023/3/2 01:29,580,0
2023/3/2 01:29,580,0
2023/3/2 01:29,580,0
2023/3/2 01:30,580,0
2023/3/2 01:30,580,0
2023/3/2 01:30,580,0
2023/3/2 01:30,580,0
2023/3/2 01:30,580,0
2023/3/2 01:30,580,0
2023/3/2 01:30,600,0
2023/3/2 01:30,580,0
2023/3/2 01:30,580,0
2023/3/2 01:30,600,0
2023/3/2 01:30,580,0
2023/3/2 01:30,580,0
2023/3/2 01:30,580,0
2023/3/2 01:30,580,0
2023/3/2 01:30,600,0
2023/3/2 01:30,580,0
2023/3/2 01:30,580,0
2023/3/2 01:30,600,0
2023/3/2 01:30,580,0
2023/3/2 01:30,580,0
2023/3/2 01:30,580,0
2023/3/2 01:30,580,0
2023/3/2 01:30,580,0
2023/3/2 01:30,580,0
2023/3/2 01:30,600,0
2023/3/2 01:30,580,0
2023/3/2 01:30,580,0
2023/3/2 01:30,580,0
2023/3/2 01:30,600,0
2023/3/2 01:30,580,0
2023/3/2 01:31,580,0
2023/3/2 01:31,580,0
2023/3/2 01:31,580,0
2023/3/2 01:31,580,0
2023/3/2 01:31,580,0
2023/3/2 01:31,580,0
2023/3/2 01:31,580,0
2023/3/2 01:31,580,0
2023/3/2 01:31,580,0
2023/3/2 01:31,600,0
2023/3/2 01:31,600,0
2023/3/2 01:31,580,0
2023/3/2 01:31,580,0
2023/3/2 01:31,580,0
2023/3/2 01:31,580,0
2023/3/2 01:31,580,0
2023/3/2 01:31,600,0
2023/3/2 01:31,600,0
2023/3/2 01:31,600,0
2023/3/2 01:31,620,0
2023/3/2 01:31,580,0
2023/3/2 01:31,580,0
2023/3/2 01:31,600,0
2023/3/2 01:31,580,0
2023/3/2 01:31,580,0
2023/3/2 01:31,600,0
2023/3/2 01:31,580,0
2023/3/2 01:31,580,0
2023/3/2 01:31,600,0
2023/3/2 01:31,580,0
2023/3/2 01:32,580,0
2023/3/2 01:32,580,0
2023/3/2 01:32,600,0
2023/3/2 01:32,580,0
2023/3/2 01:32,600,0
2023/3/2 01:32,600,0
2023/3/2 01:32,580,0
2023/3/2 01:32,580,0
2023/3/2 01:32,600,0
2023/3/2 01:32,600,0
2023/3/2 01:32,580,0
2023/3/2 01:32,580,0
2023/3/2 01:32,600,0
2023/3/2 01:32,580,0
2023/3/2 01:32,580,0
2023/3/2 01:32,600,0
2023/3/2 01:32,580,0
2023/3/2 01:32,580,0
2023/3/2 01:32,580,0
2023/3/2 01:32,580,0
2023/3/2 01:32,580,0
2023/3/2 01:32,580,0
2023/3/2 01:32,600,0
2023/3/2 01:32,580,0
2023/3/2 01:32,580,0
2023/3/2 01:32,580,0
2023/3/2 01:32,580,0
2023/3/2 01:32,580,0
2023/3/2 01:32,580,0
2023/3/2 01:32,580,0
2023/3/2 01:33,580,0
2023/3/2 01:33,620,0
2023/3/2 01:33,600,0
2023/3/2 01:33,580,0
2023/3/2 01:33,600,0
2023/3/2 01:33,600,0
2023/3/2 01:33,600,0
2023/3/2 01:33,580,0
2023/3/2 01:33,580,0
2023/3/2 01:33,580,0
2023/3/2 01:33,580,0
2023/3/2 01:33,580,0
2023/3/2 01:33,580,0
2023/3/2 01:33,580,0
2023/3/2 01:33,580,0
2023/3/2 01:33,580,0
2023/3/2 01:33,580,0
2023/3/2 01:33,580,0
2023/3/2 01:33,580,0
2023/3/2 01:33,600,0
2023/3/2 01:33,580,0
2023/3/2 01:33,580,0
2023/3/2 01:33,600,0
2023/3/2 01:33,580,0
2023/3/2 01:33,580,0
2023/3/2 01:33,580,0
2023/3/2 01:33,580,0
2023/3/2 01:33,580,0
2023/3/2 01:33,580,0
2023/3/2 01:33,580,0
2023/3/2 01:34,600,0
2023/3/2 01:34,580,0
2023/3/2 01:34,580,0
2023/3/2 01:34,580,0
2023/3/2 01:34,580,0
2023/3/2 01:34,580,0
2023/3/2 01:34,600,0
2023/3/2 01:34,580,0
2023/3/2 01:34,580,0
2023/3/2 01:34,580,0
2023/3/2 01:34,600,0
2023/3/2 01:34,580,0
2023/3/2 01:34,600,0
2023/3/2 01:34,580,0
2023/3/2 01:34,580,0
2023/3/2 01:34,600,0
2023/3/2 01:34,580,0
2023/3/2 01:34,580,0
2023/3/2 01:34,600,0
2023/3/2 01:34,580,0
2023/3/2 01:34,580,0
2023/3/2 01:34,580,0
2023/3/2 01:34,580,0
2023/3/2 01:34,580,0
2023/3/2 01:34,580,0
2023/3/2 01:34,600,0
2023/3/2 01:34,600,0
2023/3/2 01:34,580,0
2023/3/2 01:34,580,0
2023/3/2 01:34,580,0
2023/3/2 01:35,580,0
2023/3/2 01:35,580,0
2023/3/2 01:35,600,0
2023/3/2 01:35,580,0
2023/3/2 01:35,580,0
2023/3/2 01:35,600,0
2023/3/2 01:35,600,0
2023/3/2 01:35,580,0
2023/3/2 01:35,600,0
2023/3/2 01:35,600,0
2023/3/2 01:35,580,0
2023/3/2 01:35,580,0
2023/3/2 01:35,580,0
2023/3/2 01:35,580,0
2023/3/2 01:35,580,0
2023/3/2 01:35,580,0
2023/3/2 01:35,600,0
2023/3/2 01:35,580,0
2023/3/2 01:35,580,0
2023/3/2 01:35,580,0
2023/3/2 01:35,600,0
2023/3/2 01:35,580,0
2023/3/2 01:35,580,0
2023/3/2 01:35,600,0
2023/3/2 01:35,580,0
2023/3/2 01:35,580,0
2023/3/2 01:35,580,0
2023/3/2 01:35,600,0
2023/3/2 01:35,580,0
2023/3/2 01:35,580,0
2023/3/2 01:36,600,0
2023/3/2 01:36,600,0
2023/3/2 01:36,580,0
2023/3/2 01:36,580,0
2023/3/2 01:36,580,0
2023/3/2 01:36,580,0
2023/3/2 01:36,600,0
2023/3/2 01:36,580,0
2023/3/2 01:36,580,0
2023/3/2 01:36,580,0
2023/3/2 01:36,580,0
2023/3/2 01:36,600,0
2023/3/2 01:36,580,0
2023/3/2 01:36,580,0
2023/3/2 01:36,580,0
2023/3/2 01:36,580,0
2023/3/2 01:36,580,0
2023/3/2 01:36,600,0
2023/3/2 01:36,580,0
2023/3/2 01:36,580,0
2023/3/2 01:36,600,0
2023/3/2 01:36,580,0
2023/3/2 01:36,580,0
2023/3/2 01:36,580,0
2023/3/2 01:36,620,0
2023/3/2 01:36,580,0
2023/3/2 01:36,580,0
2023/3/2 01:36,620,0
2023/3/2 01:36,580,0
2023/3/2 01:36,580,0
2023/3/2 01:37,580,0
2023/3/2 01:37,580,0
2023/3/2 01:37,580,0
2023/3/2 01:37,580,0
2023/3/2 01:37,580,0
2023/3/2 01:37,580,0
2023/3/2 01:37,600,0
2023/3/2 01:37,580,0
2023/3/2 01:37,580,0
2023/3/2 01:37,580,0
2023/3/2 01:37,580,0
2023/3/2 01:37,580,0
2023/3/2 01:37,580,0
2023/3/2 01:37,580,0
2023/3/2 01:37,580,0
2023/3/2 01:37,580,0
2023/3/2 01:37,580,0
2023/3/2 01:37,580,0
2023/3/2 01:37,580,0
2023/3/2 01:37,580,0
2023/3/2 01:37,580,0
2023/3/2 01:37,580,0
2023/3/2 01:37,580,0
2023/3/2 01:37,580,0
2023/3/2 01:37,580,0
2023/3/2 01:37,580,0
2023/3/2 01:37,580,0
2023/3/2 01:37,580,0
2023/3/2 01:37,580,0
2023/3/2 01:37,580,0
2023/3/2 01:38,580,0
2023/3/2 01:38,600,0
2023/3/2 01:38,0,0
2023/3/2 01:38,0,0
2023/3/2 01:38,0,0
2023/3/2 01:38,0,0
2023/3/2 01:38,0,0
2023/3/2 01:38,0,0
2023/3/2 01:38,0,0
2023/3/2 01:38,0,0
2023/3/2 01:38,0,0
2023/3/2 01:38,0,0
2023/3/2 01:38,0,0
2023/3/2 01:38,0,0
2023/3/2 01:38,0,0
2023/3/2 01:38,0,0
2023/3/2 01:38,0,0
2023/3/2 01:38,0,0
2023/3/2 01:38,0,0
2023/3/2 01:38,0,0
2023/3/2 01:38,0,0
2023/3/2 01:38,0,0
2023/3/2 01:38,0,0
2023/3/2 01:38,0,0
2023/3/2 01:38,0,0
2023/3/2 01:38,0,0
2023/3/2 01:38,0,0
2023/3/2 01:38,0,0
2023/3/2 01:38,0,0
2023/3/2 01:38,0,0
2023/3/2 01:39,0,0
2023/3/2 01:39,0,0
2023/3/2 01:39,0,0
2023/3/2 01:39,0,0
2023/3/2 01:39,0,0
2023/3/2 01:39,0,0
2023/3/2 01:39,0,0
2023/3/2 01:39,0,0
2023/3/2 01:39,0,0
2023/3/2 01:39,0,0
2023/3/2 01:39,0,0
2023/3/2 01:39,0,0
2023/3/2 01:39,0,0
2023/3/2 01:39,0,0
2023/3/2 01:39,0,0
2023/3/2 01:39,0,0
2023/3/2 01:39,0,0
2023/3/2 01:39,0,0
2023/3/2 01:39,0,0
2023/3/2 01:39,0,0
2023/3/2 01:39,0,0
2023/3/2 01:39,0,0
2023/3/2 01:39,0,0
2023/3/2 01:39,0,0
2023/3/2 01:39,0,0
2023/3/2 01:39,0,0
2023/3/2 01:39,0,0
2023/3/2 01:39,0,0
2023/3/2 01:39,0,0
2023/3/2 01:39,0,0
2023/3/2 01:40,0,0
2023/3/2 01:40,0,0
2023/3/2 01:40,0,0
2023/3/2 01:40,0,0
2023/3/2 01:40,0,0
2023/3/2 01:40,0,0
2023/3/2 01:40,0,0
2023/3/2 01:40,0,0
2023/3/2 01:40,0,0
2023/3/2 01:40,0,0
2023/3/2 01:40,0,0
2023/3/2 01:40,0,0
2023/3/2 01:40,0,0
2023/3/2 01:40,0,0
2023/3/2 01:40,0,0
2023/3/2 01:40,0,0
2023/3/2 01:40,0,0
2023/3/2 01:40,0,0
2023/3/2 01:40,0,0
2023/3/2 01:40,0,0
2023/3/2 01:40,0,0
2023/3/2 01:40,0,0
2023/3/2 01:40,0,0
2023/3/2 01:40,0,0
2023/3/2 01:40,0,0
2023/3/2 01:40,0,0
2023/3/2 01:40,0,0
2023/3/2 01:40,0,0
2023/3/2 01:40,0,0
2023/3/2 01:40,0,0
2023/3/2 01:41,0,0
2023/3/2 01:41,0,0
2023/3/2 01:41,0,0
2023/3/2 01:41,0,0
2023/3/2 01:41,0,0
2023/3/2 01:41,0,0
2023/3/2 01:41,0,0
2023/3/2 01:41,0,0
2023/3/2 01:41,0,0
2023/3/2 01:41,0,0
2023/3/2 01:41,0,0
2023/3/2 01:41,0,0
2023/3/2 01:41,0,0
2023/3/2 01:41,0,0
2023/3/2 01:41,0,0
2023/3/2 01:41,0,0
2023/3/2 01:41,0,0
2023/3/2 01:41,0,0
2023/3/2 01:41,0,0
2023/3/2 01:41,0,0
2023/3/2 01:41,0,0
2023/3/2 01:41,0,0
2023/3/2 01:41,0,0
2023/3/2 01:41,0,0
2023/3/2 01:41,0,0
2023/3/2 01:41,0,0
2023/3/2 01:41,0,0
2023/3/2 01:41,0,0
2023/3/2 01:41,0,0
2023/3/2 01:41,0,0
2023/3/2 01:42,0,0
2023/3/2 01:42,0,0
2023/3/2 01:42,0,0
2023/3/2 01:42,0,0
2023/3/2 01:42,0,0
2023/3/2 01:42,0,0
2023/3/2 01:42,0,0
2023/3/2 01:42,0,0
2023/3/2 01:42,0,0
2023/3/2 01:42,0,0
2023/3/2 01:42,0,0
2023/3/2 01:42,0,0
2023/3/2 01:42,0,0
2023/3/2 01:42,0,0
2023/3/2 01:42,0,0
2023/3/2 01:42,0,0
2023/3/2 01:42,0,0
2023/3/2 01:42,0,0
2023/3/2 01:42,0,0
2023/3/2 01:42,0,0
2023/3/2 01:42,0,0
2023/3/2 01:42,0,0
2023/3/2 01:42,0,0
2023/3/2 01:42,0,0
2023/3/2 01:42,0,0
2023/3/2 01:42,0,0
2023/3/2 01:42,0,0
2023/3/2 01:42,0,0
2023/3/2 01:42,0,0
2023/3/2 01:42,0,0
2023/3/2 01:43,0,0
2023/3/2 01:43,0,0
2023/3/2 01:43,0,0
2023/3/2 01:43,0,0
2023/3/2 01:43,0,0
2023/3/2 01:43,0,0
2023/3/2 01:43,0,0
2023/3/2 01:43,0,0
2023/3/2 01:43,0,0
2023/3/2 01:43,0,0
2023/3/2 01:43,0,0
2023/3/2 01:43,0,0
2023/3/2 01:43,0,0
2023/3/2 01:43,0,0
2023/3/2 01:43,0,0
2023/3/2 01:43,0,0
2023/3/2 01:43,0,0
2023/3/2 01:43,0,0
2023/3/2 01:43,0,0
2023/3/2 01:43,0,0
2023/3/2 01:43,0,0
2023/3/2 01:43,0,0
2023/3/2 01:43,0,0
2023/3/2 01:43,0,0
2023/3/2 01:43,0,0
2023/3/2 01:43,0,0
2023/3/2 01:43,0,0
2023/3/2 01:43,0,0
2023/3/2 01:43,0,0
2023/3/2 01:43,0,0
2023/3/2 01:44,0,0
2023/3/2 01:44,0,0
2023/3/2 01:44,0,0
2023/3/2 01:44,0,0
2023/3/2 01:44,0,0
2023/3/2 01:44,0,0
2023/3/2 01:44,0,0
2023/3/2 01:44,0,0
2023/3/2 01:44,0,0
2023/3/2 01:44,0,0
2023/3/2 01:44,0,0
2023/3/2 01:44,0,0
2023/3/2 01:44,0,0
2023/3/2 01:44,0,0
2023/3/2 01:44,0,0
2023/3/2 01:44,0,0
2023/3/2 01:44,0,0
2023/3/2 01:44,0,0
2023/3/2 01:44,0,0
2023/3/2 01:44,0,0
2023/3/2 01:44,0,0
2023/3/2 01:44,0,0
2023/3/2 01:44,0,0
2023/3/2 01:44,0,0
2023/3/2 01:44,0,0
2023/3/2 01:44,0,0
2023/3/2 01:44,0,0
2023/3/2 01:44,0,0
2023/3/2 01:44,0,0
2023/3/2 01:44,0,0
2023/3/2 01:45,0,0
2023/3/2 01:45,0,0
2023/3/2 01:45,0,0
2023/3/2 01:45,0,0
2023/3/2 01:45,0,0
2023/3/2 01:45,0,0
2023/3/2 01:45,0,0
2023/3/2 01:45,0,0
2023/3/2 01:45,0,0
2023/3/2 01:45,0,0
2023/3/2 01:45,0,0
2023/3/2 01:45,0,0
2023/3/2 01:45,0,0
2023/3/2 01:45,0,0
2023/3/2 01:45,0,0
2023/3/2 01:45,0,0
2023/3/2 01:45,0,0
2023/3/2 01:45,0,0
2023/3/2 01:45,0,0
2023/3/2 01:45,0,0
2023/3/2 01:45,0,0
2023/3/2 01:45,0,0
2023/3/2 01:45,0,0
2023/3/2 01:45,0,0
2023/3/2 01:45,0,0
2023/3/2 01:45,0,0
2023/3/2 01:45,0,0
2023/3/2 01:45,0,0
2023/3/2 01:45,0,0
2023/3/2 01:45,0,0
2023/3/2 01:46,0,0
2023/3/2 01:46,0,0
2023/3/2 01:46,0,0
2023/3/2 01:46,0,0
2023/3/2 01:46,0,0
2023/3/2 01:46,0,0
2023/3/2 01:46,0,0
2023/3/2 01:46,0,0
2023/3/2 01:46,0,0
2023/3/2 01:46,0,0
2023/3/2 01:46,0,0
2023/3/2 01:46,0,0
2023/3/2 01:46,0,0
2023/3/2 01:46,0,0
2023/3/2 01:46,0,0
2023/3/2 01:46,0,0
2023/3/2 01:46,0,0
2023/3/2 01:46,0,0
2023/3/2 01:46,0,0
2023/3/2 01:46,0,0
2023/3/2 01:46,0,0
2023/3/2 01:46,0,0
2023/3/2 01:46,0,0
2023/3/2 01:46,0,0
2023/3/2 01:46,0,0
2023/3/2 01:46,0,0
2023/3/2 01:46,0,0
2023/3/2 01:46,0,0
2023/3/2 01:46,0,0
2023/3/2 01:46,0,0
2023/3/2 01:47,0,0
2023/3/2 01:47,0,0
2023/3/2 01:47,0,0
2023/3/2 01:47,0,0
2023/3/2 01:47,0,0
2023/3/2 01:47,0,0
2023/3/2 01:47,0,0
2023/3/2 01:47,0,0
2023/3/2 01:47,0,0
2023/3/2 01:47,0,0
2023/3/2 01:47,0,0
2023/3/2 01:47,0,0
2023/3/2 01:47,0,0
2023/3/2 01:47,0,0
2023/3/2 01:47,0,0
2023/3/2 01:47,0,0
2023/3/2 01:47,0,0
2023/3/2 01:47,0,0
2023/3/2 01:47,0,0
2023/3/2 01:47,0,0
2023/3/2 01:47,0,0
2023/3/2 01:47,0,0
2023/3/2 01:47,0,0
2023/3/2 01:47,0,0
2023/3/2 01:47,0,0
2023/3/2 01:47,0,0
2023/3/2 01:47,0,0
2023/3/2 01:47,0,0
2023/3/2 01:47,0,0
2023/3/2 01:47,0,0
2023/3/2 01:48,0,0
2023/3/2 01:48,0,0
2023/3/2 01:48,0,0
2023/3/2 01:48,0,0
2023/3/2 01:48,0,0
2023/3/2 01:48,0,0
2023/3/2 01:48,0,0
2023/3/2 01:48,0,0
2023/3/2 01:48,0,0
2023/3/2 01:48,0,0
2023/3/2 01:48,0,0
2023/3/2 01:48,0,0
2023/3/2 01:48,0,0
2023/3/2 01:48,0,0
2023/3/2 01:48,0,0
2023/3/2 01:48,0,0
2023/3/2 01:48,0,0
2023/3/2 01:48,0,0
2023/3/2 01:48,0,0
2023/3/2 01:48,0,0
2023/3/2 01:48,0,0
2023/3/2 01:48,0,0
2023/3/2 01:48,0,0
2023/3/2 01:48,0,0
2023/3/2 01:48,0,0
2023/3/2 01:48,0,0
2023/3/2 01:48,0,0
2023/3/2 01:48,0,0
2023/3/2 01:48,0,0
2023/3/2 01:48,0,0
2023/3/2 01:49,0,0
2023/3/2 01:49,0,0
2023/3/2 01:49,0,0
2023/3/2 01:49,0,0
2023/3/2 01:49,0,0
2023/3/2 01:49,0,0
2023/3/2 01:49,0,0
2023/3/2 01:49,0,0
2023/3/2 01:49,0,0
2023/3/2 01:49,0,0
2023/3/2 01:49,0,0
2023/3/2 01:49,0,0
2023/3/2 01:49,0,0
2023/3/2 01:49,0,0
2023/3/2 01:49,0,0
2023/3/2 01:49,0,0
2023/3/2 01:49,0,0
2023/3/2 01:49,0,0
2023/3/2 01:49,0,0
2023/3/2 01:49,0,0
2023/3/2 01:49,0,0
2023/3/2 01:49,0,0
2023/3/2 01:49,0,0
2023/3/2 01:49,0,0
2023/3/2 01:49,0,0
2023/3/2 01:49,0,0
2023/3/2 01:49,0,0
2023/3/2 01:49,0,0
2023/3/2 01:49,0,0
2023/3/2 01:49,0,0
2023/3/2 01:50,0,0
2023/3/2 01:50,0,0
2023/3/2 01:50,0,0
2023/3/2 01:50,0,0
2023/3/2 01:50,0,0
2023/3/2 01:50,0,0
2023/3/2 01:50,0,0
2023/3/2 01:50,0,0
2023/3/2 01:50,0,0
2023/3/2 01:50,0,0
2023/3/2 01:50,0,0
2023/3/2 01:50,0,0
2023/3/2 01:50,0,0
2023/3/2 01:50,0,0
2023/3/2 01:50,0,0
2023/3/2 01:50,0,0
2023/3/2 01:50,0,0
2023/3/2 01:50,0,0
2023/3/2 01:50,0,0
2023/3/2 01:50,0,0
2023/3/2 01:50,0,0
2023/3/2 01:50,0,0
2023/3/2 01:50,0,0
2023/3/2 01:50,0,0
2023/3/2 01:50,0,0
2023/3/2 01:50,0,0
2023/3/2 01:50,0,0
2023/3/2 01:50,0,0
2023/3/2 01:50,0,0
2023/3/2 01:50,0,0
2023/3/2 01:51,0,0
2023/3/2 01:51,0,0
2023/3/2 01:51,0,0
2023/3/2 01:51,0,0
2023/3/2 01:51,0,0
2023/3/2 01:51,0,0
2023/3/2 01:51,0,0
2023/3/2 01:51,0,0
2023/3/2 01:51,0,0
2023/3/2 01:51,0,0
2023/3/2 01:51,0,0
2023/3/2 01:51,0,0
2023/3/2 01:51,0,0
2023/3/2 01:51,0,0
2023/3/2 01:51,0,0
2023/3/2 01:51,0,0
2023/3/2 01:51,0,0
2023/3/2 01:51,0,0
2023/3/2 01:51,0,0
2023/3/2 01:51,0,0
2023/3/2 01:51,0,0
2023/3/2 01:51,0,0
2023/3/2 01:51,0,0
2023/3/2 01:51,0,0
2023/3/2 01:51,0,0
2023/3/2 01:51,0,0
2023/3/2 01:51,0,0
2023/3/2 01:51,0,0
2023/3/2 01:51,0,0
2023/3/2 01:51,0,0
2023/3/2 01:52,0,0
2023/3/2 01:52,0,0
2023/3/2 01:52,0,0
2023/3/2 01:52,0,0
2023/3/2 01:52,0,0
2023/3/2 01:52,0,0
2023/3/2 01:52,0,0
2023/3/2 01:52,0,0
2023/3/2 01:52,0,0
2023/3/2 01:52,0,0
2023/3/2 01:52,0,0
2023/3/2 01:52,0,0
2023/3/2 01:52,0,0
2023/3/2 01:52,0,0
2023/3/2 01:52,0,0
2023/3/2 01:52,0,0
2023/3/2 01:52,0,0
2023/3/2 01:52,0,0
2023/3/2 01:52,0,0
2023/3/2 01:52,0,0
2023/3/2 01:52,0,0
2023/3/2 01:52,0,0
2023/3/2 01:52,0,0
2023/3/2 01:52,0,0
2023/3/2 01:52,0,0
2023/3/2 01:52,0,0
2023/3/2 01:52,0,0
2023/3/2 01:52,0,0
2023/3/2 01:52,0,0
2023/3/2 01:52,0,0
2023/3/2 01:53,0,0
2023/3/2 01:53,0,0
2023/3/2 01:53,0,0
2023/3/2 01:53,0,0
2023/3/2 01:53,0,0
2023/3/2 01:53,0,0
2023/3/2 01:53,0,0
2023/3/2 01:53,0,0
2023/3/2 01:53,0,0
2023/3/2 01:53,0,0
2023/3/2 01:53,0,0
2023/3/2 01:53,0,0
2023/3/2 01:53,0,0
2023/3/2 01:53,0,0
2023/3/2 01:53,0,0
2023/3/2 01:53,0,0
2023/3/2 01:53,0,0
2023/3/2 01:53,0,0
2023/3/2 01:53,0,0
2023/3/2 01:53,0,0
2023/3/2 01:53,0,0
2023/3/2 01:53,0,0
2023/3/2 01:53,0,0
2023/3/2 01:53,0,0
2023/3/2 01:53,0,0
2023/3/2 01:53,0,0
2023/3/2 01:53,0,0
2023/3/2 01:53,0,0
2023/3/2 01:53,0,0
2023/3/2 01:53,0,0
2023/3/2 01:54,0,0
2023/3/2 01:54,0,0
2023/3/2 01:54,0,0
2023/3/2 01:54,0,0
2023/3/2 01:54,0,0
2023/3/2 01:54,0,0
2023/3/2 01:54,0,0
2023/3/2 01:54,0,0
2023/3/2 01:54,0,0
2023/3/2 01:54,0,0
2023/3/2 01:54,0,0
2023/3/2 01:54,0,0
2023/3/2 01:54,0,0
2023/3/2 01:54,0,0
2023/3/2 01:54,0,0
2023/3/2 01:54,0,0
2023/3/2 01:54,0,0
2023/3/2 01:54,0,0
2023/3/2 01:54,0,0
2023/3/2 01:54,0,0
2023/3/2 01:54,0,0
2023/3/2 01:54,0,0
2023/3/2 01:54,0,0
2023/3/2 01:54,0,0
2023/3/2 01:54,0,0
2023/3/2 01:54,0,0
2023/3/2 01:54,0,0
2023/3/2 01:54,0,0
2023/3/2 01:54,0,0
2023/3/2 01:54,0,0
2023/3/2 01:55,0,0
2023/3/2 01:55,0,0
2023/3/2 01:55,0,0
2023/3/2 01:55,0,0
2023/3/2 01:55,0,0
2023/3/2 01:55,0,0
2023/3/2 01:55,0,0
2023/3/2 01:55,0,0
2023/3/2 01:55,0,0
2023/3/2 01:55,0,0
2023/3/2 01:55,0,0
2023/3/2 01:55,0,0
2023/3/2 01:55,0,0
2023/3/2 01:55,0,0
2023/3/2 01:55,0,0
2023/3/2 01:55,0,0
2023/3/2 01:55,0,0
2023/3/2 01:55,0,0
2023/3/2 01:55,0,0
2023/3/2 01:55,0,0
2023/3/2 01:55,0,0
2023/3/2 01:55,0,0
2023/3/2 01:55,0,0
2023/3/2 01:55,0,0
2023/3/2 01:55,0,0
2023/3/2 01:55,0,0
2023/3/2 01:55,0,0
2023/3/2 01:55,0,0
2023/3/2 01:55,0,0
2023/3/2 01:55,0,0
2023/3/2 01:56,0,0
2023/3/2 01:56,0,0
2023/3/2 01:56,0,0
2023/3/2 01:56,0,0
2023/3/2 01:56,0,0
2023/3/2 01:56,0,0
2023/3/2 01:56,0,0
2023/3/2 01:56,0,0
2023/3/2 01:56,0,0
2023/3/2 01:56,0,0
2023/3/2 01:56,0,0
2023/3/2 01:56,0,0
2023/3/2 01:56,0,0
2023/3/2 01:56,0,0
2023/3/2 01:56,0,0
2023/3/2 01:56,0,0
2023/3/2 01:56,0,0
2023/3/2 01:56,0,0
2023/3/2 01:56,0,0
2023/3/2 01:56,0,0
2023/3/2 01:56,0,0
2023/3/2 01:56,0,0
2023/3/2 01:56,0,0
2023/3/2 01:56,0,0
2023/3/2 01:56,0,0
2023/3/2 01:56,0,0
2023/3/2 01:56,0,0
2023/3/2 01:56,0,0
2023/3/2 01:56,0,0
2023/3/2 01:56,0,0
2023/3/2 01:57,0,0
2023/3/2 01:57,0,0
2023/3/2 01:57,0,0
2023/3/2 01:57,0,0
2023/3/2 01:57,0,0
2023/3/2 01:57,0,0
2023/3/2 01:57,0,0
2023/3/2 01:57,0,0
2023/3/2 01:57,0,0
2023/3/2 01:57,0,0
2023/3/2 01:57,0,0
2023/3/2 01:57,0,0
2023/3/2 01:57,0,0
2023/3/2 01:57,0,0
2023/3/2 01:57,0,0
2023/3/2 01:57,0,0
2023/3/2 01:57,0,0
2023/3/2 01:57,0,0
2023/3/2 01:57,0,0
2023/3/2 01:57,0,0
2023/3/2 01:57,0,0
2023/3/2 01:57,0,0
2023/3/2 01:57,0,0
2023/3/2 01:57,0,0
2023/3/2 01:57,0,0
2023/3/2 01:57,0,0
2023/3/2 01:57,0,0
2023/3/2 01:57,0,0
2023/3/2 01:57,0,0
2023/3/2 01:57,0,0
2023/3/2 01:58,0,0
2023/3/2 01:58,0,0
2023/3/2 01:58,0,0
2023/3/2 01:58,0,0
2023/3/2 01:58,0,0
2023/3/2 01:58,0,0
2023/3/2 01:58,0,0
2023/3/2 01:58,0,0
2023/3/2 01:58,0,0
2023/3/2 01:58,0,0
2023/3/2 01:58,0,0
2023/3/2 01:58,0,0
2023/3/2 01:58,0,0
2023/3/2 01:58,0,0
2023/3/2 01:58,0,0
2023/3/2 01:58,0,0
2023/3/2 01:58,0,0
2023/3/2 01:58,0,0
2023/3/2 01:58,0,0
2023/3/2 01:58,0,0
2023/3/2 01:58,0,0
2023/3/2 01:58,0,0
2023/3/2 01:58,0,0
2023/3/2 01:58,0,0
2023/3/2 01:58,0,0
2023/3/2 01:58,0,0
2023/3/2 01:58,0,0
2023/3/2 01:58,0,0
2023/3/2 01:58,0,0
2023/3/2 01:58,0,0
2023/3/2 01:59,0,0
2023/3/2 01:59,0,0
2023/3/2 01:59,0,0
2023/3/2 01:59,0,0
2023/3/2 01:59,0,0
2023/3/2 01:59,0,0
2023/3/2 01:59,0,0
2023/3/2 01:59,0,0
2023/3/2 01:59,0,0
2023/3/2 01:59,0,0
2023/3/2 01:59,0,0
2023/3/2 01:59,0,0
2023/3/2 01:59,0,0
2023/3/2 01:59,0,0
2023/3/2 01:59,0,0
2023/3/2 01:59,0,0
2023/3/2 01:59,0,0
2023/3/2 01:59,0,0
2023/3/2 01:59,0,0
2023/3/2 01:59,0,0
2023/3/2 01:59,0,0
2023/3/2 01:59,0,0
2023/3/2 01:59,0,0
2023/3/2 01:59,0,0
2023/3/2 01:59,0,0
2023/3/2 01:59,0,0
2023/3/2 01:59,0,0
2023/3/2 01:59,0,0
2023/3/2 01:59,0,0
2023/3/2 01:59,0,0